slug,title,category
afternoon-tea-tray,Afternoon Tea Tray,tea-party-scenes
all-bunny-friends-celebrating,All Bunny Friends Celebrating,village-life
all-frogs-celebrating-together,All Frogs Celebrating Together,village-life
all-village-cats-celebrating-t,All Village Cats Celebrating T,cozy-coloring
animal-art-studio,animal art studio,tiny-animal-worlds
animal-greenhouse,animal greenhouse,tiny-animal-worlds
animal-library-with-hidden-boo,animal library with hidden boo,tiny-animal-worlds
animal-market-square,Animal Market Square,fantasy-coloring
animal-sewing-room,animal sewing room,tiny-animal-worlds
animal-sweet-shop,animal sweet shop,tiny-animal-worlds
animal-village-market-with-10,animal village market with 10,tiny-animal-worlds
animal-village-overview-scene,animal village overview scene,cottagecore-coloring
autumn-bakery-shop,Autumn-bakery-shop,food-bakery
autumn-cottage-interior,Autumn Cottage Interior,cottagecore-coloring
bakery-kitchen,bakery kitchen,tiny-animal-worlds
bakery-kitchen-cakes-co,Bakery Kitchen Cakes Co,cozy-coloring
bear-arranging-bakery-display,bear arranging bakery display,food-bakery
bear-bakery-delivery-cart,bear bakery delivery cart,food-bakery
bear-bakery-kitchen,bear bakery kitchen,food-bakery
bear-bakery-market-stall,bear bakery market stall,food-bakery
bear-bakery-picnic,bear bakery picnic,food-bakery
bear-bakery-storefront,bear bakery storefront,food-bakery
bear-bakery-village-street,bear bakery village street,food-bakery
bear-baking-cinnamon-rolls,bear baking cinnamon rolls,cozy-coloring
bear-baking-cookies-prin,Bear Baking Cookies Prin,bakery-coloring
bear-baking-fresh-bread,bear baking fresh bread,food-bakery
bear-baking-with-friends,bear baking with friends,cozy-coloring
bear-bread-oven-scene,bear bread oven scene,food-bakery
bear-cabin-winter,Bear-cabin-winter,cute-animals
bear-cafe-reading-corner,bear cafe reading corner,bookstore-coloring
bear-cake-shop,bear cake shop,cozy-coloring
bear-carrying-tray-of-cookies,bear carrying tray of cookies,food-bakery
bear-coffee-shop-cute-be,Bear Coffee Shop Cute Be,tiny-animal-worlds
bear-cookie-decorating-table,bear cookie decorating table,food-bakery
bear-cupcake-stand,bear cupcake stand,food-bakery
bear-decorating-cupcakes,bear decorating cupcakes,food-bakery
bear-decorating-wedding-cake,bear decorating wedding cake,cozy-coloring
bear-dessert-table,bear dessert table,cozy-coloring
bear-drinking-hot-chocolate,Bear Drinking Hot Chocolate,tea-party-coloring
bear-flower-shop-with-10-hidde,bear flower shop with 10 hidde,tiny-animal-worlds
bear-honey-farm,Bear Honey Farm,cute-animals
bear-making-birthday-cake,bear making birthday cake,cozy-coloring
bear-making-donuts,bear making donuts,cozy-coloring
bear-making-muffins,bear making muffins,food-bakery
bear-mixing-cake-batter,bear mixing cake batter,cozy-coloring
bear-pastry-shop,bear pastry shop,cozy-coloring
bear-selling-pastries-in-baker,bear selling pastries in baker,cozy-coloring
bear-serving-coffee-in-cafe,bear serving coffee in cafe,coffee-shop-scenes
bear-star-bakery,Bear Star Bakery,bakery-coloring
bear-tea-party,bear tea party,coffee-shop-scenes
bear-tea-room,bear tea room,coffee-shop-scenes
bedroom-with-fairy-lights,Bedroom With Fairy Lights,cozy-coloring
bedtime-story-scene,Bedtime Story Scene,reading-coloring
blanket-fort-reading,Blanket Fort Reading,reading-coloring
bookshelf-organization,Bookshelf Organization,bookstore-coloring
bunny-arranging-flowers-in-cot,Bunny Arranging Flowers In Cot,garden-coloring
bunny-baking-cookies,Bunny Baking Cookies,food-bakery
bunny-baking-cupcakes-in-cotta,Bunny Baking Cupcakes In Cotta,food-bakery
bunny-baking-fresh-bread,Bunny Baking Fresh Bread,food-bakery
bunny-bookstore-village,Bunny Bookstore Village,tiny-animal-worlds
bunny-castle-town-mag,Bunny Castle Town Mag,fantasy-coloring
bunny-collecting-vegetables,Bunny Collecting Vegetables,cottagecore-coloring
bunny-cottage-bedroom,Bunny Cottage Bedroom,cottagecore-coloring
bunny-cottage-by-pond,Bunny Cottage By Pond,cottagecore-coloring
bunny-cottage-garden,Bunny-cottage-garden,garden-coloring
bunny-cottage-garden-with-8-hi,bunny cottage garden with 8 hi,tiny-animal-worlds
bunny-cottage-library,Bunny Cottage Library,bookstore-coloring
bunny-cottage-with-vegetable-g,Bunny Cottage With Vegetable G,cottagecore-coloring
bunny-countryside-market,Bunny Countryside Market,village-life
bunny-decorating-cakes,Bunny Decorating Cakes,food-bakery
bunny-farmers-market,Bunny Farmers Market,cute-animals
bunny-flower-meadow-picnic,Bunny Flower Meadow Picnic,garden-coloring
bunny-flower-shop,Bunny Flower Shop,garden-coloring
bunny-garden-cotta,Bunny Garden Cotta,cottagecore-coloring
bunny-garden-swing,Bunny Garden Swing,garden-coloring
bunny-greenhouse-full-of-plant,Bunny Greenhouse Full Of Plant,garden-coloring
bunny-holding-giant-straw,Bunny Holding Giant Straw,cute-animals
bunny-hot-air-balloon,Bunny Hot Air Balloon,fantasy-coloring
bunny-jam-making-kitchen,Bunny Jam Making Kitchen,cottagecore-coloring
bunny-knitting-beside-window,Bunny Knitting Beside Window,cute-animals
bunny-mushroom-cottage,Bunny Mushroom Cottage,cottagecore-coloring
bunny-painting-flowers,Bunny Painting Flowers,garden-coloring
bunny-picnic-under-tree,Bunny Picnic Under Tree,cute-animals
bunny-post-office-village,Bunny Post Office Village,tiny-animal-worlds
bunny-reading-book-by-fireplac,Bunny Reading Book By Fireplac,bookstore-coloring
bunny-reading-in-garden-gazebo,Bunny Reading In Garden Gazebo,bookstore-coloring
bunny-sewing-room,Bunny Sewing Room,cute-animals
bunny-tea-party-in-flower-gard,Bunny Tea Party In Flower Gard,tea-party-scenes
bunny-tea-room,Bunny Tea Room,tea-party-scenes
bunny-treehouse-cottage,Bunny Treehouse Cottage,cottagecore-coloring
bunny-watching-rain-from-windo,Bunny Watching Rain From Windo,cute-animals
bunny-watering-flowers,Bunny Watering Flowers,garden-coloring
bunny-watering-greenhouse-plan,Bunny Watering Greenhouse Plan,garden-coloring
butterfly-garden-path,Butterfly Garden Path,garden-coloring
cabin-in-snowy-forest-la,Cabin In Snowy Forest La,cozy-coloring
candle-shop,candle shop,cozy-coloring
cat-artist-studio,Cat Artist Studio,cute-animals
cat-bakery-making-bread-and-cu,Cat Bakery Making Bread And Cu,cozy-coloring
cat-bedroom-with-blankets-and,Cat Bedroom With Blankets And,cozy-coloring
cat-bookstore-cafe-combination,Cat Bookstore Cafe Combination,cozy-coloring
cat-bookstore-with-cozy-readin,Cat Bookstore With Cozy Readin,cozy-coloring
cat-cafe-under-moonlig,Cat Cafe Under Moonlig,fantasy-coloring
cat-cafe-with-8-hidden-objects,cat cafe with 8 hidden objects,tiny-animal-worlds
cat-cafe-with-books-and-flower,Cat Cafe With Books And Flower,cozy-coloring
cat-camping-under-stars,Cat Camping Under Stars,cozy-coloring
cat-candle-shop,Cat Candle Shop,cozy-coloring
cat-coffee-shop-with-outdoor-s,Cat Coffee Shop With Outdoor S,cozy-coloring
cat-cottage-beside-flower-gard,Cat Cottage Beside Flower Gard,cozy-coloring
cat-cottage-by-pond,Cat Cottage By Pond,cozy-coloring
cat-farmers-market,Cat Farmers Market,cozy-coloring
cat-flower-shop-village-street,Cat Flower Shop Village Street,cozy-coloring
cat-gardening-in-backyard,Cat Gardening In Backyard,cozy-coloring
cat-greenhouse-full-of-plants,Cat Greenhouse Full Of Plants,cozy-coloring
cat-kitchen-baking-cookies,Cat Kitchen Baking Cookies,cozy-coloring
cat-knitting-by-fireplace,Cat Knitting By Fireplace,cozy-coloring
cat-lavender-cottage,Cat Lavender Cottage,cottagecore-coloring
cat-library-inside-treehouse,Cat Library Inside Treehouse,cozy-coloring
cat-music-room,Cat Music Room,cozy-coloring
cat-painting-flowers,Cat Painting Flowers,cozy-coloring
cat-picnic-in-flower-meadow,Cat Picnic In Flower Meadow,cozy-coloring
cat-potion-store,Cat Potion Store,cute-animals
cat-reading-books-kawaii,Cat Reading Books Kawaii,bookstore-coloring
cat-reading-under-rainy-window,Cat Reading Under Rainy Window,cozy-coloring
cat-sewing-room,Cat Sewing Room,cozy-coloring
cat-sleeping-during-rainstorm,Cat Sleeping During Rainstorm,cute-animals
cat-sweet-shop,Cat Sweet Shop,cozy-coloring
cat-tea-room-with-pastries,Cat Tea Room With Pastries,cozy-coloring
cat-treehouse-village,Cat Treehouse Village,cozy-coloring
cat-village-festival,Cat Village Festival,cozy-coloring
cat-village-library-book,Cat Village Library Book,tiny-animal-worlds
cat-walking-through-cozy-villa,Cat Walking Through Cozy Villa,cozy-coloring
christmas-coloring-cottage,Christmas-coloring-cottage,christmas-coloring
christmas-panda-workshop,Christmas Panda Workshop,seasonal-coloring
coffee-and-pastry-pair,Coffee and Pastry Pair,coffee-shop-scenes
coffee-shop-corner-coffe,Coffee Shop Corner Coffe,cozy-coloring
cookie-jar-collection,Cookie Jar Collection,food-bakery
corner-cafe-interior,Corner Cafe Interior,coffee-shop-scenes
cottage-bedroom,cottage bedroom,tiny-animal-worlds
countryside-bakery,Countryside Bakery,cottagecore-coloring
countryside-farm-market,countryside farm market,garden-coloring
countryside-farmhouse,Countryside Farmhouse,cottagecore-coloring
cozy-autumn-fox-cottage,Cozy Autumn Fox Cottage,cottagecore-coloring
cozy-cat-cafe,Cozy-cat-cafe,coffee-shop-scenes
cozy-indoor-rainy-afternoon,Cozy Indoor Rainy Afternoon,rainy-day-coloring
cozy-mushroom-village,Cozy-mushroom-village,cute-animals
cozy-picnic-scene-with-hidden,cozy picnic scene with hidden,tiny-animal-worlds
cozy-reading-corner,cozy reading corner,bookstore-coloring
cozy-reading-room,Cozy-reading-room,bookstore-coloring
cozy-tea-room-with-hidden-trea,cozy tea room with hidden trea,tiny-animal-worlds
croissant-baking-day,Croissant Baking Day,food-bakery
cupcake-decorating-fun,Cupcake Decorating Fun,food-bakery
cute-animal-fantasy-village-co,Cute Animal Fantasy Village Co,cozy-coloring
cute-animal-fantasy-village-wi,Cute Animal Fantasy Village Wi,tiny-animal-worlds
cute-animal-village,Cute Animal Village,cozy-coloring
cute-bear-apple-orchard-colori,Cute Bear Apple Orchard Colori,cute-animals
cute-bear-berry-farm,Cute Bear Berry Farm,cozy-coloring
cute-bear-bookstore-interior,Cute Bear Bookstore Interior,bookstore-coloring
cute-bear-camping-scene-colori,Cute Bear Camping Scene Colori,cozy-coloring
cute-bear-fishing-cabin-colori,Cute Bear Fishing Cabin Colori,cozy-coloring
cute-bear-flower-wagon-colorin,Cute Bear Flower Wagon Colorin,cozy-coloring
cute-bear-honey-farm,Cute Bear Honey Farm,cozy-coloring
cute-bear-honey-shop,Cute Bear Honey Shop,cozy-coloring
cute-bear-honey-shop-jars-sh,Cute Bear Honey Shop Jars Sh,cute-animals
cute-bear-reading-nook-colorin,Cute Bear Reading Nook Colorin,cozy-coloring
cute-bear-winter-cabin-colorin,Cute Bear Winter Cabin Colorin,cozy-coloring
cute-bunny-artist-studio-pain,Cute Bunny Artist Studio Pain,cozy-coloring
cute-bunny-coffee-shop-coffee,Cute Bunny Coffee Shop Coffee,coffee-shop
cute-bunny-cottage,Cute Bunny Cottage,cozy-coloring
cute-bunny-fairy-garden-colori,Cute Bunny Fairy Garden Colori,cozy-coloring
cute-bunny-flower-cart-colorin,Cute Bunny Flower Cart Colorin,cozy-coloring
cute-bunny-knitting-club-color,Cute Bunny Knitting Club Color,cozy-coloring
cute-bunny-picnic-meadow-color,Cute Bunny Picnic Meadow Color,cozy-coloring
cute-bunny-picnic-party-colori,Cute Bunny Picnic Party Colori,cozy-coloring
cute-bunny-reading-books-insid,Cute Bunny Reading Books Insid,bookstore-coloring
cute-bunny-strawberry-caf-col,Cute Bunny Strawberry Cafe Col,cozy-coloring
cute-bunny-strawberry-farm-col,Cute Bunny Strawberry Farm Col,cozy-coloring
cute-cat-bookshop,Cute Cat Bookshop,cozy-coloring
cute-cat-caf,Cute Cat Caf,cute-animals
cute-cat-cupcake-bakery-colori,Cute Cat Cupcake Bakery Colori,cozy-coloring
cute-cat-flower-greenhouse-col,Cute Cat Flower Greenhouse Col,cozy-coloring
cute-cat-flower-market-bouque,Cute Cat Flower Market Bouque,garden-coloring
cute-cat-greenhouse,Cute Cat Greenhouse,cozy-coloring
cute-cat-greenhouse-cottage-f,Cute Cat Greenhouse Cottage F,garden-coloring
cute-cat-knitting-room-colorin,Cute Cat Knitting Room Colorin,cozy-coloring
cute-cat-music-room,Cute Cat Music Room,cozy-coloring
cute-cat-rain-window,Cute Cat Rain Window,cute-animals
cute-cat-rainy-bookstore-umbr,Cute Cat Rainy Bookstore Umbr,bookstore-coloring
cute-cat-running-a-tiny-bakery,Cute Cat Running A Tiny Bakery,bakery-coloring
cute-deer-flower-meadow-colori,Cute Deer Flower Meadow Colori,cozy-coloring
cute-deer-forest-library-color,Cute Deer Forest Library Color,cozy-coloring
cute-dragon-tea-party,Cute-dragon-tea-party,fantasy-coloring
cute-duck-bakery-cottage-color,Cute Duck Bakery Cottage Color,cozy-coloring
cute-duck-bakery-kitchen-brea,Cute Duck Bakery Kitchen Brea,bakery-coloring
cute-duck-bakery-wagon-colorin,Cute Duck Bakery Wagon Colorin,cozy-coloring
cute-duck-countryside-cottage,Cute Duck Countryside Cottage,cozy-coloring
cute-duck-farmer-market-colori,Cute Duck Farmer Market Colori,cozy-coloring
cute-duck-flower-greenhouse-co,Cute Duck Flower Greenhouse Co,cozy-coloring
cute-duck-flower-shop,Cute Duck Flower Shop,cozy-coloring
cute-duck-ice-cream-stand-colo,Cute Duck Ice Cream Stand Colo,cute-animals
cute-duck-lakeside-picnic-colo,Cute Duck Lakeside Picnic Colo,cozy-coloring
cute-duck-rainy-day-caf-color,Cute Duck Rainy Day Cafe Color,cozy-coloring
cute-duck-reading-nook-books,Cute Duck Reading Nook Books,bookstore-coloring
cute-fox-autumn-cottage-colori,Cute Fox Autumn Cottage Colori,cozy-coloring
cute-fox-autumn-cottage-pumpk,Cute Fox Autumn Cottage Pumpk,cottagecore-coloring
cute-fox-book-caf,Cute Fox Book Caf,cozy-coloring
cute-fox-bookshop-village-squa,Cute Fox Bookshop Village Squa,bookstore-coloring
cute-fox-bookstore,Cute Fox Bookstore,cozy-coloring
cute-fox-candle-shop-shelves,Cute Fox Candle Shop Shelves,cozy-coloring
cute-fox-cozy-reading-room-col,Cute Fox Cozy Reading Room Col,cozy-coloring
cute-fox-florist-shop-flower,Cute Fox Florist Shop Flower,garden-coloring
cute-fox-forest-bookstore-boo,Cute Fox Forest Bookstore Boo,bookstore-coloring
cute-fox-forest-bookstore-colo,Cute Fox Forest Bookstore Colo,cozy-coloring
cute-fox-lantern-festival-colo,Cute Fox Lantern Festival Colo,cozy-coloring
cute-fox-mushroom-house-colori,Cute Fox Mushroom House Colori,cozy-coloring
cute-fox-pancake-caf,Cute Fox Pancake Caf,cute-animals
cute-fox-stargazing-camp-color,Cute Fox Stargazing Camp Color,cozy-coloring
cute-fox-tea-cottage,Cute Fox Tea Cottage,cozy-coloring
cute-fox-village-florist-color,Cute Fox Village Florist Color,cozy-coloring
cute-frog-bakery,Cute Frog Bakery,cozy-coloring
cute-frog-bakery,Cute-frog-bakery,food-bakery
cute-frog-countryside-market-c,Cute Frog Countryside Market C,cozy-coloring
cute-frog-fishing-village-colo,Cute Frog Fishing Village Colo,cozy-coloring
cute-frog-flower-bakery-colori,Cute Frog Flower Bakery Colori,cozy-coloring
cute-frog-flower-market-colori,Cute Frog Flower Market Colori,cozy-coloring
cute-frog-mushroom-village-col,Cute Frog Mushroom Village Col,cozy-coloring
cute-frog-post-office,Cute Frog Post Office,cute-animals
cute-hamster-bakery-truck-colo,Cute Hamster Bakery Truck Colo,cozy-coloring
cute-hamster-bookstore-colorin,Cute Hamster Bookstore Colorin,cozy-coloring
cute-hamster-candy-cart-colori,Cute Hamster Candy Cart Colori,cozy-coloring
cute-hamster-candy-house-color,Cute Hamster Candy House Color,cozy-coloring
cute-hamster-home,Cute-hamster-home,cute-animals
cute-hamster-sewing-cottage-co,Cute Hamster Sewing Cottage Co,cozy-coloring
cute-hamster-toy-shop,Cute Hamster Toy Shop,cozy-coloring
cute-hamster-train-station-col,Cute Hamster Train Station Col,cute-animals
cute-hedgehog-autumn-bakery-co,Cute Hedgehog Autumn Bakery Co,cozy-coloring
cute-hedgehog-autumn-bookstore,Cute Hedgehog Autumn Bookstore,bookstore-coloring
cute-hedgehog-garden,Cute Hedgehog Garden,cozy-coloring
cute-hedgehog-library,Cute Hedgehog Library,cozy-coloring
cute-hedgehog-pumpkin-farm-col,Cute Hedgehog Pumpkin Farm Col,cozy-coloring
cute-hedgehog-reading-beside-r,Cute Hedgehog Reading Beside R,bookstore-coloring
cute-hedgehog-tea-house-teacu,Cute Hedgehog Tea House Teacu,tea-party-coloring
cute-hedgehog-winter-tea-room,Cute Hedgehog Winter Tea Room,tea-party-coloring
cute-mouse-bakery,Cute Mouse Bakery,cozy-coloring
cute-mouse-cheese-shop-colorin,Cute Mouse Cheese Shop Colorin,cozy-coloring
cute-mouse-fairy-cottage-color,Cute Mouse Fairy Cottage Color,cozy-coloring
cute-mouse-lantern-festival-co,Cute Mouse Lantern Festival Co,cozy-coloring
cute-mouse-moonlight-garden-co,Cute Mouse Moonlight Garden Co,cozy-coloring
cute-mouse-mushroom-bakery-col,Cute Mouse Mushroom Bakery Col,cozy-coloring
cute-mouse-sewing-room-colorin,Cute Mouse Sewing Room Colorin,cozy-coloring
cute-mouse-sewing-room-fabric,Cute Mouse Sewing Room Fabric,cottagecore-coloring
cute-mouse-tea-garden,Cute Mouse Tea Garden,cozy-coloring
cute-mouse-toy-workshop-colori,Cute Mouse Toy Workshop Colori,cozy-coloring
cute-otter-riverside-cottage,Cute Otter Riverside Cottage,cottagecore-coloring
cute-otter-riverside-cottage-c,Cute Otter Riverside Cottage C,cozy-coloring
cute-otter-tea-house,Cute Otter Tea House,cozy-coloring
cute-penguin-bakery,Cute Penguin Bakery,cozy-coloring
cute-penguin-ice-cream-shop-co,Cute Penguin Ice Cream Shop Co,cozy-coloring
cute-penguin-reading-room-colo,Cute Penguin Reading Room Colo,cozy-coloring
cute-penguin-snow-caf-colorin,Cute Penguin Snow Cafe Colorin,cute-animals
cute-penguin-winter-wonderland,Cute Penguin Winter Wonderland,cozy-coloring
cute-rabbit-book-club,Cute Rabbit Book Club,cozy-coloring
cute-rabbit-candle-shop-colori,Cute Rabbit Candle Shop Colori,cozy-coloring
cute-rabbit-flower-cottage-col,Cute Rabbit Flower Cottage Col,cozy-coloring
cute-rabbit-flower-greenhouse,Cute Rabbit Flower Greenhouse,garden-coloring
cute-rabbit-flower-shop-interi,Cute Rabbit Flower Shop Interi,garden-coloring
cute-rabbit-post-office-lette,Cute Rabbit Post Office Lette,tiny-animal-worlds
cute-rabbit-tea-party,Cute Rabbit Tea Party,cozy-coloring
cute-rabbit-village-bakery-col,Cute Rabbit Village Bakery Col,cozy-coloring
cute-rabbit-winter-cabin-color,Cute Rabbit Winter Cabin Color,cozy-coloring
cute-raccoon-candy-shop-colori,Cute Raccoon Candy Shop Colori,cozy-coloring
cute-squirrel-acorn-caf-color,Cute Squirrel Acorn Cafe Color,cute-animals
cute-squirrel-cookie-shop-colo,Cute Squirrel Cookie Shop Colo,cozy-coloring
cute-squirrel-jam-shop-colorin,Cute Squirrel Jam Shop Colorin,cozy-coloring
cute-squirrel-lantern-shop-col,Cute Squirrel Lantern Shop Col,cozy-coloring
cute-squirrel-picnic-day-cake,Cute Squirrel Picnic Day Cake,cute-animals
cute-squirrel-riverside-caf-c,Cute Squirrel Riverside Cafe C,cozy-coloring
cute-squirrel-tea-party-colori,Cute Squirrel Tea Party Colori,cozy-coloring
cute-squirrel-tea-party-in-for,Cute Squirrel Tea Party In For,tea-party-coloring
cute-squirrel-treehouse-colori,Cute Squirrel Treehouse Colori,cozy-coloring
cute-squirrel-village-square-c,Cute Squirrel Village Square C,cozy-coloring
cute-squirrel-woodland-library,Cute Squirrel Woodland Library,cozy-coloring
cute-unicorn-fairy-forest-colo,Cute Unicorn Fairy Forest Colo,fantasy
dinosaur-parade,Dinosaur-parade,fantasy-coloring
dragon-bakery-village,Dragon Bakery Village,fantasy-coloring
dragon-perch-view,Dragon Perch View,fantasy-coloring
duck-country-kitchen,Duck Country Kitchen,cute-animals
duck-farmers-market-vege,Duck Farmers Market Vege,tiny-animal-worlds
duck-rain-boots-adventure,Duck Rain Boots Adventure,rainy-day-coloring
duck-unicorn-garden,Duck Unicorn Garden,fantasy-coloring
duck-wearing-rain-boots,Duck Wearing Rain Boots,rainy-day-coloring
easter-duck-garden,Easter Duck Garden,seasonal-coloring
enchanted-forest-path,Enchanted Forest Path,fantasy-coloring
espresso-bar-scene,Espresso Bar Scene,coffee-shop-scenes
evening-study-desk-candl,Evening Study Desk Candl,cozy-coloring
fairy-door-discovery,Fairy Door Discovery,fantasy-coloring
fairy-garden,Fairy-garden,fantasy-coloring
fantasy-castle-garden,Fantasy-castle-garden,fantasy-coloring
fireplace-reading-spot,Fireplace Reading Spot,reading-coloring
floating-island-villag,Floating Island Villag,fantasy-coloring
flower-market,flower market,garden-coloring
flower-market-vin,Flower Market Vin,cottagecore-coloring
forest-animals-gathering,Forest-animals-gathering,cute-animals
fox-bookstore-with-8-hidden-ob,fox bookstore with 8 hidden ob,tiny-animal-worlds
fox-cottage-village-mush,Fox Cottage Village Mush,cottagecore-coloring
fox-gardening-flowers-an,Fox Gardening Flowers An,garden-coloring
fox-moonlight-library,Fox Moonlight Library,bookstore-coloring
fox-mushroom-house,Fox-mushroom-house,cute-animals
fox-walking-with-umbrella,Fox Walking With Umbrella,cute-animals
fox-wildflower-garden,Fox Wildflower Garden,garden-coloring
fox-wizard-cottage-ma,Fox Wizard Cottage Ma,fantasy-coloring
fresh-bread-morning,Fresh Bread Morning,food-bakery
frog-artist-studio,Frog Artist Studio,cute-animals
frog-bakery-display-counter,Frog Bakery Display Counter,food-bakery
frog-bakery-town-cute-fr,Frog Bakery Town Cute Fr,tiny-animal-worlds
frog-bakery-with-10-hidden-obj,frog bakery with 10 hidden obj,tiny-animal-worlds
frog-bakery-with-cupcakes-and,Frog Bakery With Cupcakes And,food-bakery
frog-bookstore-cafe,Frog Bookstore Cafe,bookstore-coloring
frog-cafe-street-in-tiny-villa,Frog Cafe Street In Tiny Villa,coffee-shop-scenes
frog-cafe-terrace-with-lantern,Frog Cafe Terrace With Lantern,coffee-shop-scenes
frog-camping-with-coffee-kettl,Frog Camping With Coffee Kettl,coffee-shop-scenes
frog-candle-shop,Frog Candle Shop,cute-animals
frog-cottage-beside-pond,Frog Cottage Beside Pond,cute-animals
frog-cottage-kitchen-baking-co,Frog Cottage Kitchen Baking Co,food-bakery
frog-drinking-bubble-tea,Frog Drinking Bubble Tea,cute-animals
frog-fairy-house,Frog Fairy House,cute-animals
frog-flower-shop,Frog Flower Shop,garden-coloring
frog-gardening-beside-cottage,Frog Gardening Beside Cottage,garden-coloring
frog-greenhouse-full-of-plants,Frog Greenhouse Full Of Plants,garden-coloring
frog-herb-garden,Frog Herb Garden,garden-coloring
frog-library-cafe,Frog Library Cafe,bookstore-coloring
frog-making-hot-chocolate,Frog Making Hot Chocolate,tea-party-scenes
frog-music-room,Frog Music Room,cute-animals
frog-painting-flowers,Frog Painting Flowers,garden-coloring
frog-picnic-in-flower-meadow,Frog Picnic In Flower Meadow,garden-coloring
frog-pond-community,Frog Pond Community,tiny-animal-worlds
frog-rainy-day-cottage,Frog Rainy Day Cottage,rainy-day-coloring
frog-reading-by-rainy-cafe-win,Frog Reading By Rainy Cafe Win,bookstore-coloring
frog-reading-corner-with-books,Frog Reading Corner With Books,bookstore-coloring
frog-reading-on-a-rainy-day,Frog Reading On A Rainy Day,bookstore-coloring
frog-serving-coffee-in-cozy-ca,Frog Serving Coffee In Cozy Ca,tea-party-scenes
frog-sweet-dessert-shop,Frog Sweet Dessert Shop,food-bakery
frog-tea-party-with-friends,Frog Tea Party With Friends,tea-party-scenes
frog-tea-room-with-teapot-and,Frog Tea Room With Teapot And,tea-party-scenes
frog-treehouse-cafe,Frog Treehouse Cafe,cottagecore-coloring
frog-village-festival,Frog Village Festival,village-life
frog-watering-flowers-outside,Frog Watering Flowers Outside,garden-coloring
garden-reading-corner-fl,Garden Reading Corner Fl,cozy-coloring
garden-tea-party,Garden Tea Party,tea-party-scenes
grand-animal-celebration-scene,grand animal celebration scene,tea-party-scenes
grand-bear-bakery-celebration,grand bear bakery celebration,food-bakery
greenhouse-filled,Greenhouse Filled,cottagecore-coloring
halloween-mouse-candy-shop,Halloween Mouse Candy Shop,seasonal-coloring
hammock-reading-nook,Hammock Reading Nook,reading-coloring
hamster-tea-party-kawaii,Hamster Tea Party Kawaii,tea-party-coloring
harvest-squirrel-farm-market,Harvest Squirrel Farm Market,tiny-animal-worlds
hedgehog-collecting-mushr,Hedgehog Collecting Mushr,cute-animals
hedgehog-enchanted-forest,Hedgehog Enchanted Forest,cute-animals
hedgehog-hollow-home,Hedgehog Hollow Home,tiny-animal-worlds
hedgehog-rainy-garden,Hedgehog Rainy Garden,garden-coloring
hedgehog-strawberry-farm,Hedgehog Strawberry Farm,cute-animals
hedgehog-tea-house-villag,Hedgehog Tea House Villag,tiny-animal-worlds
herb-garden-kitchen,Herb Garden Kitchen,garden-coloring
herb-garden-rabbi,Herb Garden Rabbi,cottagecore-coloring
ivy-covered-stone-cottage,Ivy-Covered Stone Cottage,cottagecore-coloring
kawaii-animal-friends,Kawaii-animal-friends,cute-animals
kawaii-ice-cream-parlor,Kawaii-ice-cream-parlor,cute-animals
kawaii-sleepover,Kawaii-sleepover,cute-animals
kawaii-sweets-shop,Kawaii-sweets-shop,cute-animals
latte-art-design,Latte Art Design,coffee-shop-scenes
lavender-field-cottage,Lavender Field Cottage,cottagecore-coloring
library-ladder-scene,Library Ladder Scene,bookstore-coloring
magic-bunny-wizard-cottage,Magic Bunny Wizard Cottage,fantasy-coloring
magic-library,Magic-library,bookstore-coloring
magic-potion-shelf,Magic Potion Shelf,fantasy-coloring
morning-coffee-ritual,Morning Coffee Ritual,coffee-shop-scenes
mouse-cozy-cabin-in-rain,Mouse Cozy Cabin In Rain,rainy-day-coloring
mouse-crystal-cave,Mouse Crystal Cave,cute-animals
mouse-family-treehouse,Mouse Family Treehouse,tiny-animal-worlds
mouse-flower-market-mini,Mouse Flower Market Mini,tiny-animal-worlds
mouse-sewing-workshop,Mouse Sewing Workshop,cute-animals
mushroom-cottage-scene-with-hi,mushroom cottage scene with hi,tiny-animal-worlds
mushroom-house-sur,Mushroom House Sur,cottagecore-coloring
mushroom-kingdom-tiny,Mushroom Kingdom Tiny,fantasy-coloring
owl-library-giant-boo,Owl Library Giant Boo,fantasy-coloring
panda-cottage-picnic,Panda Cottage Picnic,cottagecore-coloring
panda-floating-island-home,Panda Floating Island Home,cute-animals
panda-tea-time-in-rain,Panda Tea Time In Rain,cute-animals
panoramic-bear-bakery-village,panoramic bear bakery village,food-bakery
panoramic-bunny-village-scene,Panoramic Bunny Village Scene,village-life
panoramic-cat-village-scene,Panoramic Cat Village Scene,cozy-coloring
panoramic-frog-village-scene,Panoramic Frog Village Scene,village-life
penguin-winter-wonderland,Penguin-winter-wonderland,christmas-coloring
picnic-with-woodla,Picnic With Woodla,cottagecore-coloring
pie-cooling-on-windowsill,Pie Cooling on Windowsill,food-bakery
puddle-jumping-fun,Puddle Jumping Fun,rainy-day-coloring
puppy-tea-party-garden,Puppy-tea-party-garden,garden-coloring
rabbit-burrow-town,Rabbit Burrow Town,tiny-animal-worlds
rabbit-tea-party,Rabbit-tea-party,cute-animals
raccoon-bookstore-owner,Raccoon Bookstore Owner,bookstore-coloring
rainbow-unicorn-simple,Rainbow-unicorn-simple,fantasy-coloring
raindrops-on-flowers,Raindrops on Flowers,rainy-day-coloring
rainy-day-cafe,rainy day cafe,tiny-animal-worlds
rainy-day-reading-nook-l,Rainy Day Reading Nook L,cozy-coloring
rainy-window-with-books,Rainy Window with Books,rainy-day-coloring
reading-by-candlelight,Reading by Candlelight,bookstore-coloring
reading-nook-under,Reading Nook Under,cottagecore-coloring
rose-garden-bungalow,Rose Garden Bungalow,cottagecore-coloring
rose-trellis-arch,Rose Trellis Arch,garden-coloring
secondhand-bookshop,Secondhand Bookshop,bookstore-coloring
sewing-room-fabri,Sewing Room Fabri,cottagecore-coloring
simple-farm-animals,Simple-farm-animals,cute-animals
sleeping-kitten-basket,Sleeping-kitten-basket,reading-coloring
snowy-cat-bookstore,Snowy Cat Bookstore,seasonal-coloring
spring-frog-flower-festival,Spring Frog Flower Festival,seasonal-coloring
squirrel-acorn-village,Squirrel Acorn Village,tiny-animal-worlds
squirrel-baking-cupcakes,Squirrel Baking Cupcakes,bakery-coloring
squirrel-forest-cabin,Squirrel Forest Cabin,cute-animals
squirrel-window-reading-corner,Squirrel Window Reading Corner,bookstore-coloring
squirrel-woodland-village,Squirrel Woodland Village,tiny-animal-worlds
story-time-corner,Story Time Corner,bookstore-coloring
summer-bear-lemonade-stand,Summer Bear Lemonade Stand,seasonal-coloring
sunflower-field-walk,Sunflower Field Walk,garden-coloring
tea-and-scones-spread,Tea and Scones Spread,tea-party-scenes
tea-cup-collection,Tea Cup Collection,tea-party-scenes
tea-party-garden,tea party garden,garden-coloring
tea-party-in-garde,Tea Party In Garde,cottagecore-coloring
tea-room-filled-with-flow,Tea Room Filled With Flow,cozy-coloring
thatched-roof-cottage,Thatched Roof Cottage,cottagecore-coloring
tiny-animal-treehouse-village,Tiny Animal Treehouse Village,tiny-animal-worlds
tiny-animal-village,Tiny-animal-village,cute-animals
tiny-animal-village-cafe-stree,Tiny Animal Village Cafe Stree,coffee-shop
tiny-animal-village-market-day,Tiny Animal Village Market Day,tiny-animal-worlds
tiny-bear-baking-honey-cookies,Tiny Bear Baking Honey Cookies,tiny-animal-worlds
tiny-bear-camping-beside-a-lan,Tiny Bear Camping Beside a Lan,cozy-coloring
tiny-bear-camping-beside-a-mou,Tiny Bear Camping Beside a Mou,tiny-animal-worlds
tiny-bear-camping-beside-a-mou,Tiny Bear Camping Beside a Mou,tiny-animal-worlds
tiny-bear-coffee-shop,Tiny Bear Coffee Shop,tiny-animal-worlds
tiny-bear-driving-a-camping-rv,Tiny Bear Driving a Camping RV,tiny-animal-worlds
tiny-bear-driving-a-cozy-farm,Tiny Bear Driving a Cozy Farm,tiny-animal-worlds
tiny-bear-driving-a-cozy-mount,Tiny Bear Driving a Cozy Mount,tiny-animal-worlds
tiny-bear-driving-a-cozy-rv,Tiny Bear Driving a Cozy RV,tiny-animal-worlds
tiny-bear-driving-a-forest-fir,Tiny Bear Driving a Forest Fir,tiny-animal-worlds
tiny-bear-driving-a-honey-deli,Tiny Bear Driving a Honey Deli,tiny-animal-worlds
tiny-bear-driving-a-honey-truc,Tiny Bear Driving a Honey Truc,tiny-animal-worlds
tiny-bear-flying-a-giant-ballo,Tiny Bear Flying a Giant Ballo,tiny-animal-worlds
tiny-bear-harvesting-honey-in,Tiny Bear Harvesting Honey in,food-bakery
tiny-bear-hosting-a-breakfast,Tiny Bear Hosting a Breakfast,tiny-animal-worlds
tiny-bear-hosting-a-winter-hot,Tiny Bear Hosting a Winter Hot,tiny-animal-worlds
tiny-bear-hosting-a-winter-hot-副本,Tiny Bear Hosting a Winter Hot 副本,tiny-animal-worlds
tiny-bear-managing-a-honey-caf,Tiny Bear Managing a Honey Caf,tiny-animal-worlds
tiny-bear-managing-a-maple-syr,Tiny Bear Managing a Maple Syr,cozy-coloring
tiny-bear-operating-a-cozy-pan,Tiny Bear Operating a Cozy Pan,tiny-animal-worlds
tiny-bear-operating-a-forest-c,Tiny Bear Operating a Forest C,tiny-animal-worlds
tiny-bear-operating-a-honey-pa,Tiny Bear Operating a Honey Pa,food-bakery
tiny-bear-reading-books-in-a-c,Tiny Bear Reading Books in a C,tiny-animal-worlds
tiny-bear-relaxing-in-a-woodla,Tiny Bear Relaxing in a Woodla,tiny-animal-worlds
tiny-bear-riding-a-camping-bic,Tiny Bear Riding a Camping Bic,tiny-animal-worlds
tiny-bear-running-a-cozy-break,Tiny Bear Running a Cozy Break,cozy-coloring
tiny-bear-running-a-cozy-soup,Tiny Bear Running a Cozy Soup,tiny-animal-worlds
tiny-bear-running-a-honey-farm,Tiny Bear Running a Honey Farm,tiny-animal-worlds
tiny-bear-running-a-honey-panc,Tiny Bear Running a Honey Panc,tiny-animal-worlds
tiny-bear-running-a-maple-syru,Tiny Bear Running a Maple Syru,tiny-animal-worlds
tiny-bunny-bookstore,Tiny Bunny Bookstore,tiny-animal-worlds
tiny-bunny-driving-a-cupcake-t,Tiny Bunny Driving a Cupcake T,tiny-animal-worlds
tiny-bunny-driving-a-flower-co,Tiny Bunny Driving a Flower Co,garden-coloring
tiny-bunny-driving-an-ice-crea,Tiny Bunny Driving an Ice Crea,tiny-animal-worlds
tiny-bunny-flying-a-carrot-air,Tiny Bunny Flying a Carrot Air,tiny-animal-worlds
tiny-bunny-flying-a-heart-ball,Tiny Bunny Flying a Heart Ball,tiny-animal-worlds
tiny-bunny-flying-a-heart-shap,Tiny Bunny Flying a Heart Shap,tiny-animal-worlds
tiny-bunny-growing-flowers-in,Tiny Bunny Growing Flowers in,tiny-animal-worlds
tiny-bunny-hosting-a-cozy-gard,Tiny Bunny Hosting a Cozy Gard,cozy-coloring
tiny-bunny-hosting-a-garden-pi,Tiny Bunny Hosting a Garden Pi,tiny-animal-worlds
tiny-bunny-hosting-a-garden-pi,Tiny Bunny Hosting a Garden Pi,tiny-animal-worlds
tiny-bunny-managing-a-cozy-pic,Tiny Bunny Managing a Cozy Pic,tiny-animal-worlds
tiny-bunny-managing-a-strawber,Tiny Bunny Managing a Strawber,tiny-animal-worlds
tiny-bunny-operating-a-carrot,Tiny Bunny Operating a Carrot,tiny-animal-worlds
tiny-bunny-operating-a-cozy-ic,Tiny Bunny Operating a Cozy Ic,tiny-animal-worlds
tiny-bunny-operating-a-cupcake,Tiny Bunny Operating a Cupcake,food-bakery
tiny-bunny-operating-a-woodlan,Tiny Bunny Operating a Woodlan,tiny-animal-worlds
tiny-bunny-riding-a-daisy-bicy,Tiny Bunny Riding a Daisy Bicy,tiny-animal-worlds
tiny-bunny-riding-a-flower-bic,Tiny Bunny Riding a Flower Bic,tiny-animal-worlds
tiny-bunny-riding-a-picnic-wag,Tiny Bunny Riding a Picnic Wag,tiny-animal-worlds
tiny-bunny-riding-a-rainbow-bi,Tiny Bunny Riding a Rainbow Bi,tiny-animal-worlds
tiny-bunny-running-a-carrot-ba,Tiny Bunny Running a Carrot Ba,cozy-coloring
tiny-bunny-running-a-carrot-ic,Tiny Bunny Running a Carrot Ic,tiny-animal-worlds
tiny-bunny-running-a-cozy-brea,Tiny Bunny Running a Cozy Brea,tiny-animal-worlds
tiny-bunny-running-a-cozy-panc,Tiny Bunny Running a Cozy Panc,tiny-animal-worlds
tiny-bunny-running-a-handmade,Tiny Bunny Running a Handmade,tiny-animal-worlds
tiny-bunny-running-a-strawberr,Tiny Bunny Running a Strawberr,tiny-animal-worlds
tiny-bunny-running-a-strawberr-副本,Tiny Bunny Running a Strawberr 副本,cozy-coloring
tiny-bunny-selling-handmade-ca,Tiny Bunny Selling Handmade Ca,tiny-animal-worlds
tiny-bunny-traveling-in-a-flow,Tiny Bunny Traveling in a Flow,tiny-animal-worlds
tiny-bunny-traveling-in-a-flow,Tiny Bunny Traveling in a Flow,tiny-animal-worlds
tiny-bunny-winter-cabin-firep,Tiny Bunny Winter Cabin Firep,cottagecore-coloring
tiny-cat-bakery-display-window,Tiny Cat Bakery Display Window,bakery-coloring
tiny-cat-book-club-library-sh,Tiny Cat Book Club Library Sh,bookstore-coloring
tiny-cat-decorating-a-christma,Tiny Cat Decorating a Christma,tiny-animal-worlds
tiny-cat-drinking-tea-in-a-rai,Tiny Cat Drinking Tea in a Rai,tiny-animal-worlds
tiny-cat-driving-a-bookmobile,Tiny Cat Driving a Bookmobile,tiny-animal-worlds
tiny-cat-driving-a-bookmobile,Tiny Cat Driving a Bookmobile,tiny-animal-worlds
tiny-cat-driving-a-bookstore-v,Tiny Cat Driving a Bookstore V,tiny-animal-worlds
tiny-cat-flower-market,Tiny Cat Flower Market,tiny-animal-worlds
tiny-cat-flying-a-heart-shaped,Tiny Cat Flying a Heart Shaped,tiny-animal-worlds
tiny-cat-living-in-a-charming,Tiny Cat Living in a Charming,tiny-animal-worlds
tiny-cat-living-in-a-tulip-gar,Tiny Cat Living in a Tulip Gar,cozy-coloring
tiny-cat-operating-a-flower-fi,Tiny Cat Operating a Flower Fi,garden-coloring
tiny-cat-operating-a-flower-tr,Tiny Cat Operating a Flower Tr,tiny-animal-worlds
tiny-cat-operating-a-flower-tr,Tiny Cat Operating a Flower Tr,tiny-animal-worlds
tiny-cat-operating-a-flower-tr,Tiny Cat Operating a Flower Tr,tiny-animal-worlds
tiny-cat-operating-a-tiny-mono,Tiny Cat Operating a Tiny Mono,tiny-animal-worlds
tiny-cat-organizing-a-cozy-rea,Tiny Cat Organizing a Cozy Rea,tiny-animal-worlds
tiny-cat-owning-a-flower-fille,Tiny Cat Owning a Flower Fille,tiny-animal-worlds
tiny-cat-relaxing-in-a-cottage,Tiny Cat Relaxing in a Cottage,tiny-animal-worlds
tiny-cat-relaxing-in-a-cottage,Tiny Cat Relaxing in a Cottage,cottagecore-coloring
tiny-cat-riding-a-floral-vespa,Tiny Cat Riding a Floral Vespa,tiny-animal-worlds
tiny-cat-riding-a-rainbow-scoo,Tiny Cat Riding a Rainbow Scoo,tiny-animal-worlds
tiny-cat-riding-a-vintage-vesp,Tiny Cat Riding a Vintage Vesp,tiny-animal-worlds
tiny-cat-running-a-cozy-yarn-s,Tiny Cat Running a Cozy Yarn S,tiny-animal-worlds
tiny-cat-running-a-moonlight-b,Tiny Cat Running a Moonlight B,tiny-animal-worlds
tiny-cat-running-a-rainy-day-l,Tiny Cat Running a Rainy Day L,tiny-animal-worlds
tiny-cat-running-a-yarn-and-kn,Tiny Cat Running a Yarn and Kn,tiny-animal-worlds
tiny-cat-running-a-yarn-and-kn,Tiny Cat Running a Yarn and Kn,cozy-coloring
tiny-cat-steering-a-cozy-canal,Tiny Cat Steering a Cozy Canal,tiny-animal-worlds
tiny-dragon-tea-shop,Tiny Dragon Tea Shop,fantasy-coloring
tiny-duck-countryside-cottage,Tiny Duck Countryside Cottage,cottagecore-coloring
tiny-duck-flower-garden-maze,Tiny Duck Flower Garden Maze,garden-coloring
tiny-duck-pancake-stand,Tiny Duck Pancake Stand,tiny-animal-worlds
tiny-duck-selling-fresh-bread,Tiny Duck Selling Fresh Bread,tiny-animal-worlds
tiny-fox-bakery-delivery-bicyc,Tiny Fox Bakery Delivery Bicyc,bakery-coloring
tiny-fox-baking-blueberry-muff,Tiny Fox Baking Blueberry Muff,tiny-animal-worlds
tiny-fox-baking-blueberry-pies,Tiny Fox Baking Blueberry Pies,food-bakery
tiny-fox-baking-strawberry-cup,Tiny Fox Baking Strawberry Cup,tiny-animal-worlds
tiny-fox-driving-a-cozy-camper,Tiny Fox Driving a Cozy Camper,tiny-animal-worlds
tiny-fox-driving-a-forest-adve,Tiny Fox Driving a Forest Adve,tiny-animal-worlds
tiny-fox-driving-a-lantern-del,Tiny Fox Driving a Lantern Del,tiny-animal-worlds
tiny-fox-driving-a-mushroom-ca,Tiny Fox Driving a Mushroom Ca,tiny-animal-worlds
tiny-fox-driving-a-vintage-con,Tiny Fox Driving a Vintage Con,tiny-animal-worlds
tiny-fox-driving-a-woodland-fo,Tiny Fox Driving a Woodland Fo,tiny-animal-worlds
tiny-fox-driving-a-woodland-fo,Tiny Fox Driving a Woodland Fo,cozy-coloring
tiny-fox-driving-a-woodland-pi,Tiny Fox Driving a Woodland Pi,tiny-animal-worlds
tiny-fox-flying-a-cozy-air-bal,Tiny Fox Flying a Cozy Air Bal,tiny-animal-worlds
tiny-fox-hosting-an-autumn-har,Tiny Fox Hosting an Autumn Har,tiny-animal-worlds
tiny-fox-managing-a-cozy-choco,Tiny Fox Managing a Cozy Choco,cozy-coloring
tiny-fox-managing-a-cozy-lante,Tiny Fox Managing a Cozy Lante,tiny-animal-worlds
tiny-fox-managing-a-cozy-villa,Tiny Fox Managing a Cozy Villa,tiny-animal-worlds
tiny-fox-managing-a-forest-fru,Tiny Fox Managing a Forest Fru,tiny-animal-worlds
tiny-fox-operating-a-cozy-trai,Tiny Fox Operating a Cozy Trai,tiny-animal-worlds
tiny-fox-operating-a-forest-fe,Tiny Fox Operating a Forest Fe,tiny-animal-worlds
tiny-fox-operating-a-forest-te,Tiny Fox Operating a Forest Te,tiny-animal-worlds
tiny-fox-operating-a-woodland,Tiny Fox Operating a Woodland,tiny-animal-worlds
tiny-fox-riding-a-woodland-mot,Tiny Fox Riding a Woodland Mot,tiny-animal-worlds
tiny-fox-running-a-chocolate-a,Tiny Fox Running a Chocolate a,tiny-animal-worlds
tiny-fox-running-a-forest-bake,Tiny Fox Running a Forest Bake,tiny-animal-worlds
tiny-fox-running-a-forest-choc,Tiny Fox Running a Forest Choc,tiny-animal-worlds
tiny-fox-running-a-forest-ice,Tiny Fox Running a Forest Ice,cozy-coloring
tiny-fox-running-a-lantern-and,Tiny Fox Running a Lantern and,cozy-coloring
tiny-fox-running-a-lantern-sho,Tiny Fox Running a Lantern Sho,tiny-animal-worlds
tiny-fox-tea-house,Tiny Fox Tea House,tiny-animal-worlds
tiny-fox-woodland-cafe-mushro,Tiny Fox Woodland Cafe Mushro,coffee-shop
tiny-fox-working-in-a-cozy-pot,Tiny Fox Working in a Cozy Pot,tiny-animal-worlds
tiny-frog-bakery,Tiny Frog Bakery,tiny-animal-worlds
tiny-frog-baking-pies-in-a-mus,Tiny Frog Baking Pies in a Mus,tiny-animal-worlds
tiny-frog-delivering-flowers-b,Tiny Frog Delivering Flowers b,tiny-animal-worlds
tiny-frog-delivering-mail-arou,Tiny Frog Delivering Mail Arou,tiny-animal-worlds
tiny-frog-delivering-mail-by-m,Tiny Frog Delivering Mail by M,tiny-animal-worlds
tiny-frog-delivering-tea-by-bi,Tiny Frog Delivering Tea by Bi,tiny-animal-worlds
tiny-frog-driving-a-cozy-food,Tiny Frog Driving a Cozy Food,tiny-animal-worlds
tiny-frog-driving-a-mushroom-b,Tiny Frog Driving a Mushroom B,tiny-animal-worlds
tiny-frog-driving-a-strawberry,Tiny Frog Driving a Strawberry,tiny-animal-worlds
tiny-frog-driving-an-ice-cream,Tiny Frog Driving an Ice Cream,tiny-animal-worlds
tiny-frog-fishing-from-a-lily,Tiny Frog Fishing from a Lily,tiny-animal-worlds
tiny-frog-flying-a-leaf-airpla,Tiny Frog Flying a Leaf Airpla,tiny-animal-worlds
tiny-frog-hosting-a-tea-party,Tiny Frog Hosting a Tea Party,tiny-animal-worlds
tiny-frog-living-in-a-floating,Tiny Frog Living in a Floating,tiny-animal-worlds
tiny-frog-living-in-a-floating,Tiny Frog Living in a Floating,cozy-coloring
tiny-frog-living-inside-a-gian,Tiny Frog Living Inside a Gian,tiny-animal-worlds
tiny-frog-living-inside-a-gian,Tiny Frog Living Inside a Gian,tiny-animal-worlds
tiny-frog-living-inside-a-gian-副本,Tiny Frog Living Inside a Gian 副本,cozy-coloring
tiny-frog-operating-a-cozy-boo,Tiny Frog Operating a Cozy Boo,tiny-animal-worlds
tiny-frog-operating-a-lily-pad,Tiny Frog Operating a Lily Pad,tiny-animal-worlds
tiny-frog-operating-a-lily-pad,Tiny Frog Operating a Lily Pad,tiny-animal-worlds
tiny-frog-operating-a-mushroom,Tiny Frog Operating a Mushroom,tiny-animal-worlds
tiny-frog-operating-a-tiny-for,Tiny Frog Operating a Tiny For,tiny-animal-worlds
tiny-frog-operating-a-tiny-woo,Tiny Frog Operating a Tiny Woo,cozy-coloring
tiny-frog-riding-a-giant-snail,Tiny Frog Riding a Giant Snail,tiny-animal-worlds
tiny-frog-running-a-lily-pad-l,Tiny Frog Running a Lily Pad L,cozy-coloring
tiny-frog-running-a-mini-donut,Tiny Frog Running a Mini Donut,tiny-animal-worlds
tiny-frog-selling-fresh-strawb,Tiny Frog Selling Fresh Strawb,cozy-coloring
tiny-frog-selling-lemonade-at,Tiny Frog Selling Lemonade at,tiny-animal-worlds
tiny-frog-selling-lemonade-in,Tiny Frog Selling Lemonade in,tiny-animal-worlds
tiny-frog-steering-a-lily-pad,Tiny Frog Steering a Lily Pad,tiny-animal-worlds
tiny-hamster-baking-cupcakes-i,Tiny Hamster Baking Cupcakes i,tiny-animal-worlds
tiny-hamster-driving-a-tiny-ba,Tiny Hamster Driving a Tiny Ba,tiny-animal-worlds
tiny-hamster-driving-a-tiny-po,Tiny Hamster Driving a Tiny Po,tiny-animal-worlds
tiny-hamster-driving-a-tiny-sc,Tiny Hamster Driving a Tiny Sc,tiny-animal-worlds
tiny-hamster-driving-a-tiny-ta,Tiny Hamster Driving a Tiny Ta,tiny-animal-worlds
tiny-hamster-driving-a-toy-tra,Tiny Hamster Driving a Toy Tra,tiny-animal-worlds
tiny-hamster-flying-a-tiny-spa,Tiny Hamster Flying a Tiny Spa,tiny-animal-worlds
tiny-hamster-operating-a-candy,Tiny Hamster Operating a Candy,tiny-animal-worlds
tiny-hamster-operating-a-tiny,Tiny Hamster Operating a Tiny,tiny-animal-worlds
tiny-hamster-piloting-a-cozy-r,Tiny Hamster Piloting a Cozy R,tiny-animal-worlds
tiny-hamster-riding-a-toy-rock,Tiny Hamster Riding a Toy Rock,tiny-animal-worlds
tiny-hamster-running-a-mini-pl,Tiny Hamster Running a Mini Pl,tiny-animal-worlds
tiny-hamster-sewing-cottage-f,Tiny Hamster Sewing Cottage F,cottagecore-coloring
tiny-hamster-working-in-a-mini,Tiny Hamster Working in a Mini,tiny-animal-worlds
tiny-hamster-working-in-a-tiny,Tiny Hamster Working in a Tiny,tiny-animal-worlds
tiny-hedgehog-baking-apple-pie,Tiny Hedgehog Baking Apple Pie,tiny-animal-worlds
tiny-hedgehog-baking-apple-pie,Tiny Hedgehog Baking Apple Pie,food-bakery
tiny-hedgehog-delivering-flowe,Tiny Hedgehog Delivering Flowe,tiny-animal-worlds
tiny-hedgehog-delivering-mail,Tiny Hedgehog Delivering Mail,tiny-animal-worlds
tiny-hedgehog-driving-a-cozy-f,Tiny Hedgehog Driving a Cozy F,tiny-animal-worlds
tiny-hedgehog-driving-a-garden,Tiny Hedgehog Driving a Garden,tiny-animal-worlds
tiny-hedgehog-driving-a-vegeta,Tiny Hedgehog Driving a Vegeta,tiny-animal-worlds
tiny-hedgehog-library,Tiny Hedgehog Library,tiny-animal-worlds
tiny-hedgehog-living-in-a-mush,Tiny Hedgehog Living in a Mush,tiny-animal-worlds
tiny-hedgehog-managing-a-pumpk,Tiny Hedgehog Managing a Pumpk,tiny-animal-worlds
tiny-hedgehog-operating-a-cozy,Tiny Hedgehog Operating a Cozy,tiny-animal-worlds
tiny-hedgehog-operating-a-fore,Tiny Hedgehog Operating a Fore,tiny-animal-worlds
tiny-hedgehog-operating-a-pump,Tiny Hedgehog Operating a Pump,tiny-animal-worlds
tiny-hedgehog-operating-a-tiny,Tiny Hedgehog Operating a Tiny,tiny-animal-worlds
tiny-hedgehog-pulling-a-pumpki,Tiny Hedgehog Pulling a Pumpki,tiny-animal-worlds
tiny-hedgehog-reading-beside-a,Tiny Hedgehog Reading Beside a,tiny-animal-worlds
tiny-hedgehog-reading-beside-a,Tiny Hedgehog Reading Beside a,bookstore-coloring
tiny-hedgehog-riding-a-berry-w,Tiny Hedgehog Riding a Berry W,tiny-animal-worlds
tiny-hedgehog-riding-a-pumpkin,Tiny Hedgehog Riding a Pumpkin,tiny-animal-worlds
tiny-hedgehog-running-a-cozy-c,Tiny Hedgehog Running a Cozy C,tiny-animal-worlds
tiny-hedgehog-running-an-autum,Tiny Hedgehog Running an Autum,cozy-coloring
tiny-hedgehog-selling-autumn-d,Tiny Hedgehog Selling Autumn D,tiny-animal-worlds
tiny-hedgehog-selling-flowers,Tiny Hedgehog Selling Flowers,tiny-animal-worlds
tiny-hedgehog-selling-fresh-fl,Tiny Hedgehog Selling Fresh Fl,tiny-animal-worlds
tiny-hedgehog-selling-fresh-ve,Tiny Hedgehog Selling Fresh Ve,tiny-animal-worlds
tiny-hedgehog-selling-handmade,Tiny Hedgehog Selling Handmade,tiny-animal-worlds
tiny-hedgehog-selling-handmade,Tiny Hedgehog Selling Handmade,tiny-animal-worlds
tiny-hedgehog-selling-wildflow,Tiny Hedgehog Selling Wildflow,cozy-coloring
tiny-mouse-cheese-cafe,Tiny Mouse Cheese Cafe,tiny-animal-worlds
tiny-mouse-cottage-kitchen-co,Tiny Mouse Cottage Kitchen Co,bakery-coloring
tiny-mouse-delivering-bread-by,Tiny Mouse Delivering Bread by,tiny-animal-worlds
tiny-mouse-delivering-fresh-br,Tiny Mouse Delivering Fresh Br,cozy-coloring
tiny-mouse-driving-a-cheese-de,Tiny Mouse Driving a Cheese De,tiny-animal-worlds
tiny-mouse-driving-a-mini-fire,Tiny Mouse Driving a Mini Fire,tiny-animal-worlds
tiny-mouse-exploring-a-fairy-g,Tiny Mouse Exploring a Fairy G,tiny-animal-worlds
tiny-mouse-exploring-a-fairy-g,Tiny Mouse Exploring a Fairy G,fantasy-coloring
tiny-mouse-flying-a-balloon-ba,Tiny Mouse Flying a Balloon Ba,tiny-animal-worlds
tiny-mouse-flying-a-mini-airsh,Tiny Mouse Flying a Mini Airsh,tiny-animal-worlds
tiny-mouse-forest-train-statio,Tiny Mouse Forest Train Statio,tiny-animal-worlds
tiny-mouse-lantern-festival-vi,Tiny Mouse Lantern Festival Vi,seasonal-coloring
tiny-mouse-living-in-a-cozy-tr,Tiny Mouse Living in a Cozy Tr,tiny-animal-worlds
tiny-mouse-managing-a-tiny-che,Tiny Mouse Managing a Tiny Che,tiny-animal-worlds
tiny-mouse-operating-a-cozy-wo,Tiny Mouse Operating a Cozy Wo,tiny-animal-worlds
tiny-mouse-operating-a-forest,Tiny Mouse Operating a Forest,tiny-animal-worlds
tiny-mouse-operating-a-tiny-ar,Tiny Mouse Operating a Tiny Ar,tiny-animal-worlds
tiny-mouse-operating-a-tiny-to,Tiny Mouse Operating a Tiny To,tiny-animal-worlds
tiny-mouse-operating-a-woodlan,Tiny Mouse Operating a Woodlan,tiny-animal-worlds
tiny-mouse-painting-in-an-art,Tiny Mouse Painting in an Art,tiny-animal-worlds
tiny-mouse-painting-in-an-art,Tiny Mouse Painting in an Art,cozy-coloring
tiny-mouse-post-office-village,Tiny Mouse Post Office Village,tiny-animal-worlds
tiny-mouse-repairing-tiny-cloc,Tiny Mouse Repairing Tiny Cloc,tiny-animal-worlds
tiny-mouse-riding-a-cheese-bic,Tiny Mouse Riding a Cheese Bic,tiny-animal-worlds
tiny-mouse-riding-a-flying-umb,Tiny Mouse Riding a Flying Umb,tiny-animal-worlds
tiny-mouse-riding-a-mini-steam,Tiny Mouse Riding a Mini Steam,tiny-animal-worlds
tiny-mouse-running-a-rainy-day,Tiny Mouse Running a Rainy Day,rainy-day-coloring
tiny-mouse-running-a-tiny-book,Tiny Mouse Running a Tiny Book,tiny-animal-worlds
tiny-mouse-running-a-tiny-chee,Tiny Mouse Running a Tiny Chee,tiny-animal-worlds
tiny-mouse-running-a-tiny-fore,Tiny Mouse Running a Tiny Fore,tiny-animal-worlds
tiny-mouse-running-a-tiny-fore,Tiny Mouse Running a Tiny Fore,cozy-coloring
tiny-mouse-running-a-tiny-sewi,Tiny Mouse Running a Tiny Sewi,tiny-animal-worlds
tiny-mouse-selling-fresh-flowe,Tiny Mouse Selling Fresh Flowe,tiny-animal-worlds
tiny-mouse-toy-store-teddy-be,Tiny Mouse Toy Store Teddy Be,cute-animals
tiny-mouse-working-in-a-cozy-b,Tiny Mouse Working in a Cozy B,tiny-animal-worlds
tiny-otter-baking-bread-in-a-r,Tiny Otter Baking Bread in a R,tiny-animal-worlds
tiny-otter-baking-croissants-i,Tiny Otter Baking Croissants i,cozy-coloring
tiny-otter-baking-fresh-bread,Tiny Otter Baking Fresh Bread,tiny-animal-worlds
tiny-otter-driving-a-beach-bug,Tiny Otter Driving a Beach Bug,tiny-animal-worlds
tiny-otter-driving-a-river-cru,Tiny Otter Driving a River Cru,tiny-animal-worlds
tiny-otter-fishing-from-a-cozy,Tiny Otter Fishing from a Cozy,tiny-animal-worlds
tiny-otter-flying-a-cozy-hot-a,Tiny Otter Flying a Cozy Hot A,tiny-animal-worlds
tiny-otter-flying-a-seaside-fl,Tiny Otter Flying a Seaside Fl,tiny-animal-worlds
tiny-otter-hosting-a-riverside,Tiny Otter Hosting a Riverside,tiny-animal-worlds
tiny-otter-hosting-a-riverside,Tiny Otter Hosting a Riverside,tiny-animal-worlds
tiny-otter-hosting-a-riverside,Tiny Otter Hosting a Riverside,tiny-animal-worlds
tiny-otter-hosting-a-riverside,Tiny Otter Hosting a Riverside,cozy-coloring
tiny-otter-managing-a-riversid,Tiny Otter Managing a Riversid,tiny-animal-worlds
tiny-otter-operating-a-riversi,Tiny Otter Operating a Riversi,tiny-animal-worlds
tiny-otter-operating-a-tiny-ha,Tiny Otter Operating a Tiny Ha,tiny-animal-worlds
tiny-otter-piloting-a-seaplane,Tiny Otter Piloting a Seaplane,tiny-animal-worlds
tiny-otter-relaxing-at-a-beach,Tiny Otter Relaxing at a Beach,tiny-animal-worlds
tiny-otter-riding-a-paddle-boa,Tiny Otter Riding a Paddle Boa,tiny-animal-worlds
tiny-otter-running-a-lakeside,Tiny Otter Running a Lakeside,tiny-animal-worlds
tiny-otter-running-a-seaside-c,Tiny Otter Running a Seaside C,cozy-coloring
tiny-otter-sailing-a-cozy-hous,Tiny Otter Sailing a Cozy Hous,tiny-animal-worlds
tiny-otter-sailing-a-cozy-hous,Tiny Otter Sailing a Cozy Hous,cozy-coloring
tiny-otter-selling-fresh-fish,Tiny Otter Selling Fresh Fish,tiny-animal-worlds
tiny-otter-steering-a-cozy-hou,Tiny Otter Steering a Cozy Hou,tiny-animal-worlds
tiny-otter-steering-a-fishing,Tiny Otter Steering a Fishing,tiny-animal-worlds
tiny-otter-steering-a-river-bo,Tiny Otter Steering a River Bo,tiny-animal-worlds
tiny-otter-working-at-a-waters,Tiny Otter Working at a Waters,tiny-animal-worlds
tiny-panda-noodle-shop,Tiny Panda Noodle Shop,tiny-animal-worlds
tiny-rabbit-cozy-bedroom-book,Tiny Rabbit Cozy Bedroom Book,bookstore-coloring
tiny-rabbit-garden-cottage-ve,Tiny Rabbit Garden Cottage Ve,garden-coloring
tiny-rabbit-strawberry-farm-b,Tiny Rabbit Strawberry Farm B,cute-animals
tiny-raccoon-owning-a-vintage,Tiny Raccoon Owning a Vintage,tiny-animal-worlds
tiny-squirrel-acorn-bakery,Tiny Squirrel Acorn Bakery,tiny-animal-worlds
tiny-squirrel-apple-orchard-co,Tiny Squirrel Apple Orchard Co,garden-coloring
tiny-squirrel-baking-acorn-coo,Tiny Squirrel Baking Acorn Coo,tiny-animal-worlds
tiny-squirrel-delivering-acorn,Tiny Squirrel Delivering Acorn,tiny-animal-worlds
tiny-squirrel-delivering-acorn,Tiny Squirrel Delivering Acorn,tiny-animal-worlds
tiny-squirrel-flying-a-cozy-he,Tiny Squirrel Flying a Cozy He,tiny-animal-worlds
tiny-squirrel-flying-a-hot-air,Tiny Squirrel Flying a Hot Air,tiny-animal-worlds
tiny-squirrel-flying-a-woodlan,Tiny Squirrel Flying a Woodlan,tiny-animal-worlds
tiny-squirrel-flying-an-acorn,Tiny Squirrel Flying an Acorn,tiny-animal-worlds
tiny-squirrel-flying-an-acorn,Tiny Squirrel Flying an Acorn,tiny-animal-worlds
tiny-squirrel-flying-an-acorn,Tiny Squirrel Flying an Acorn,tiny-animal-worlds
tiny-squirrel-flying-an-acorn,Tiny Squirrel Flying an Acorn,cozy-coloring
tiny-squirrel-hosting-an-acorn,Tiny Squirrel Hosting an Acorn,cozy-coloring
tiny-squirrel-knitting-corner,Tiny Squirrel Knitting Corner,cottagecore-coloring
tiny-squirrel-living-inside-an,Tiny Squirrel Living Inside an,tiny-animal-worlds
tiny-squirrel-living-inside-an,Tiny Squirrel Living Inside an,cozy-coloring
tiny-squirrel-making-berry-jam,Tiny Squirrel Making Berry Jam,tiny-animal-worlds
tiny-squirrel-making-berry-jam,Tiny Squirrel Making Berry Jam,food-bakery
tiny-squirrel-managing-a-woodl,Tiny Squirrel Managing a Woodl,tiny-animal-worlds
tiny-squirrel-mushroom-house,Tiny Squirrel Mushroom House,cute-animals
tiny-squirrel-operating-a-fore,Tiny Squirrel Operating a Fore,tiny-animal-worlds
tiny-squirrel-operating-a-fore,Tiny Squirrel Operating a Fore,tiny-animal-worlds
tiny-squirrel-riding-a-leaf-sk,Tiny Squirrel Riding a Leaf Sk,tiny-animal-worlds
tiny-squirrel-riding-a-leaf-sk,Tiny Squirrel Riding a Leaf Sk,tiny-animal-worlds
tiny-squirrel-riding-an-acorn,Tiny Squirrel Riding an Acorn,tiny-animal-worlds
tiny-squirrel-riding-an-acorn,Tiny Squirrel Riding an Acorn,tiny-animal-worlds
tiny-squirrel-running-a-woodla,Tiny Squirrel Running a Woodla,tiny-animal-worlds
tiny-squirrel-running-a-woodla,Tiny Squirrel Running a Woodla,tiny-animal-worlds
tiny-squirrel-running-a-woodla,Tiny Squirrel Running a Woodla,tiny-animal-worlds
tiny-squirrel-running-an-acorn,Tiny Squirrel Running an Acorn,tiny-animal-worlds
tiny-squirrel-selling-nuts-and,Tiny Squirrel Selling Nuts and,tiny-animal-worlds
toy-shop,toy shop,cozy-coloring
treehouse-library,treehouse library,tiny-animal-worlds
umbrella-street-scene,Umbrella Street Scene,rainy-day-coloring
underwater-friends,Underwater-friends,cute-animals
unicorn-fairy-forest,Unicorn-fairy-forest,fantasy-coloring
valentine-bunny-bakery,Valentine Bunny Bakery,seasonal-coloring
village-festival,village festival,tiny-animal-worlds
village-pond,village pond,tiny-animal-worlds
village-street,village street,cottagecore-coloring
vintage-tea-set-display,Vintage Tea Set Display,tea-party-scenes
window-seat-during-rain,Window Seat During Rain,cozy-coloring
window-seat-reading,Window Seat Reading,reading-coloring
winter-bunny-hot-cocoa-house,Winter Bunny Hot Cocoa House,seasonal-coloring
wizard-tower-study,Wizard Tower Study,fantasy-coloring
woodland-campsite,woodland campsite,tiny-animal-worlds
woodland-train-station,Woodland Train Station,fantasy-coloring
