Title,Media URL,Pinterest board,Description,Link
Mouse Cottage Tea Room Coloring Page,https://tinyanimalworlds.com/pinterest/day19/mouse-cottage-tea-room.jpg?v=d4c7746c,Tiny Animal Worlds,"Download this free printable mouse cottage tea room coloring page. Perfect for kids and adults who love cute, cozy coloring scenes. High-quality JPG download ready to print.",https://tinyanimalworlds.com/coloring/mouse-cottage-tea-room
Deer Cottage Porch Swing Coloring Page,https://tinyanimalworlds.com/pinterest/day19/deer-cottage-porch-swing.jpg?v=d4c7746c,Cute Animal Coloring Pages,"Download this free printable deer cottage porch swing coloring page. Perfect for kids and adults who love cute, cozy coloring scenes. High-quality JPG download ready to print.",https://tinyanimalworlds.com/coloring/deer-cottage-porch-swing
Hedgehog Flower Fence Scene Coloring Page,https://tinyanimalworlds.com/pinterest/day19/hedgehog-flower-fence-scene.jpg?v=d4c7746c,Kawaii Coloring Pages,"Download this free printable hedgehog flower fence scene coloring page. Perfect for kids and adults who love cute, cozy coloring scenes. High-quality JPG download ready to print.",https://tinyanimalworlds.com/coloring/hedgehog-flower-fence-scene
Panda Cottage Picnic Coloring Page,https://tinyanimalworlds.com/pinterest/day19/panda-cottage-picnic.jpg?v=d4c7746c,Cottagecore Coloring,"Download this free printable panda cottage picnic coloring page. Perfect for kids and adults who love cute, cozy coloring scenes. High-quality JPG download ready to print.",https://tinyanimalworlds.com/coloring/panda-cottage-picnic
Bear Baking Cookies Prin Coloring Page,https://tinyanimalworlds.com/pinterest/day19/bear-baking-cookies-prin.jpg?v=d4c7746c,Bakery Coloring Pages,"Download this free printable bear baking cookies prin coloring page. Perfect for kids and adults who love cute, cozy coloring scenes. High-quality JPG download ready to print.",https://tinyanimalworlds.com/coloring/bear-baking-cookies-prin
Fox Library Window Seat Coloring Page,https://tinyanimalworlds.com/pinterest/day19/fox-library-window-seat.jpg?v=d4c7746c,Bookstore Coloring Pages,"Download this free printable fox library window seat coloring page. Perfect for kids and adults who love cute, cozy coloring scenes. High-quality JPG download ready to print.",https://tinyanimalworlds.com/coloring/fox-library-window-seat
Bunny Mushroom Cottage Coloring Page,https://tinyanimalworlds.com/pinterest/day19/bunny-mushroom-cottage.jpg?v=d4c7746c,Garden Coloring Pages,"Download this free printable bunny mushroom cottage coloring page. Perfect for kids and adults who love cute, cozy coloring scenes. High-quality JPG download ready to print.",https://tinyanimalworlds.com/coloring/bunny-mushroom-cottage
Tiny Frog Living in a Floating Coloring Page,https://tinyanimalworlds.com/pinterest/day19/tiny-frog-living-in-a-floating.jpg?v=d4c7746c,Tea Party Coloring Pages,"Download this free printable tiny frog living in a floating coloring page. Perfect for kids and adults who love cute, cozy coloring scenes. High-quality JPG download ready to print.",https://tinyanimalworlds.com/coloring/tiny-frog-living-in-a-floating
Tiny Squirrel Hosting an Acorn Coloring Page,https://tinyanimalworlds.com/pinterest/day19/tiny-squirrel-hosting-an-acorn.jpg?v=d4c7746c,Cozy Coloring Pages,"Download this free printable tiny squirrel hosting an acorn coloring page. Perfect for kids and adults who love cute, cozy coloring scenes. High-quality JPG download ready to print.",https://tinyanimalworlds.com/coloring/tiny-squirrel-hosting-an-acorn
Duck Wearing Rain Boots Coloring Page,https://tinyanimalworlds.com/pinterest/day19/duck-wearing-rain-boots.jpg?v=d4c7746c,Rainy Day Coloring Pages,"Download this free printable duck wearing rain boots coloring page. Perfect for kids and adults who love cute, cozy coloring scenes. High-quality JPG download ready to print.",https://tinyanimalworlds.com/coloring/duck-wearing-rain-boots
