image_path,title,description,link,board,alt_text
public/pinterest/cute-rabbit-flower-greenhouse.jpg,"Cute Rabbit Flower Greenhouse Coloring Page","Cozy coloring page with cute rabbit flower greenhouse. Print at home and start coloring for free!",https://tinyanimalworlds.com/coloring/cute-rabbit-flower-greenhouse,"Kawaii Coloring Pages","Cute Rabbit Flower Greenhouse — free printable cute animals coloring page for kids and adults"
public/pinterest/tiny-cat-book-club-library-sh.jpg,"Tiny Cat Book Club Library Sh Coloring Page","Free JPG coloring page: tiny cat book club library sh. Great for creative fun and relaxation.",https://tinyanimalworlds.com/coloring/tiny-cat-book-club-library-sh,"Bookstore Coloring Pages","Tiny Cat Book Club Library Sh — free printable cute animals coloring page for kids and adults"
public/pinterest/cute-otter-riverside-cottage.jpg,"Cute Otter Riverside Cottage Coloring Page","Coloring page of cute otter riverside cottage. Free printable JPG — perfect for kids, teens, and adults.",https://tinyanimalworlds.com/coloring/cute-otter-riverside-cottage,"Kawaii Coloring Pages","Cute Otter Riverside Cottage — free printable cute animals coloring page for kids and adults"
public/pinterest/tiny-bunny-winter-cabin-firep.jpg,"Tiny Bunny Winter Cabin Firep Coloring Page","Printable coloring page featuring tiny bunny winter cabin firep. Download, print, and color today!",https://tinyanimalworlds.com/coloring/tiny-bunny-winter-cabin-firep,"Cottagecore Coloring","Tiny Bunny Winter Cabin Firep — free printable cute animals coloring page for kids and adults"
public/pinterest/cute-mouse-sewing-room-fabric.jpg,"Cute Mouse Sewing Room Fabric Coloring Page","Free printable cute mouse sewing room fabric. A cozy coloring page for all ages. Download JPG now!",https://tinyanimalworlds.com/coloring/cute-mouse-sewing-room-fabric,"Kawaii Coloring Pages","Cute Mouse Sewing Room Fabric — free printable cute animals coloring page for kids and adults"
public/pinterest/tiny-squirrel-mushroom-house.jpg,"Tiny Squirrel Mushroom House Coloring Page","Adorable printable coloring page: tiny squirrel mushroom house. Relax and enjoy this cozy scene today.",https://tinyanimalworlds.com/coloring/tiny-squirrel-mushroom-house,"Garden Coloring Pages","Tiny Squirrel Mushroom House — free printable cute animals coloring page for kids and adults"
public/pinterest/cute-fox-forest-bookstore-boo.jpg,"Cute Fox Forest Bookstore Boo Coloring Page","cute fox forest bookstore boo — a free printable coloring page from Tiny Animal Worlds. Download now!",https://tinyanimalworlds.com/coloring/cute-fox-forest-bookstore-boo,"Kawaii Coloring Pages","Cute Fox Forest Bookstore Boo — free printable cute animals coloring page for kids and adults"
public/pinterest/tiny-animal-village-cafe-stree.jpg,"Tiny Animal Village Cafe Stree Coloring Page","Free download: tiny animal village cafe stree coloring page. Cute, cozy, and ready to print.",https://tinyanimalworlds.com/coloring/tiny-animal-village-cafe-stree,"Tiny Animal Worlds","Tiny Animal Village Cafe Stree — free printable cozy coloring coloring page for kids and adults"
public/pinterest/tiny-mouse-forest-train-statio.jpg,"Tiny Mouse Forest Train Statio Coloring Page","Relaxing coloring page: tiny mouse forest train statio. Download this free printable at Tiny Animal Worlds.",https://tinyanimalworlds.com/coloring/tiny-mouse-forest-train-statio,"Garden Coloring Pages","Tiny Mouse Forest Train Statio — free printable cute animals coloring page for kids and adults"
public/pinterest/cute-bear-honey-shop-jars-sh.jpg,"Cute Bear Honey Shop Jars Sh Coloring Page","Download this free coloring page of cute bear honey shop jars sh. High-quality JPG for all ages.",https://tinyanimalworlds.com/coloring/cute-bear-honey-shop-jars-sh,"Kawaii Coloring Pages","Cute Bear Honey Shop Jars Sh — free printable cute animals coloring page for kids and adults"
