image_path,title,description,link,board,alt_text
public/pinterest/cute-frog-fishing-village-colo.jpg,Cute Frog Fishing Village Coloring Page,Free printable coloring page featuring cute frog fishing village. Download and print instantly at Tiny Animal Worlds.,https://tinyanimalworlds.com/coloring/cute-frog-fishing-village-colo,Tiny Animal Worlds,Cute Frog Fishing Village Colo — free printable cozy coloring coloring page for kids and adults
public/pinterest/cute-squirrel-tea-party-colori.jpg,Cute Squirrel Tea Party Coloring Page,Cute coloring page of cute squirrel tea party. Perfect for kids and adults — free JPG download!,https://tinyanimalworlds.com/coloring/cute-squirrel-tea-party-colori,Tea Party Coloring Pages,Cute Squirrel Tea Party Colori — free printable cozy coloring coloring page for kids and adults
public/pinterest/cute-cat-flower-greenhouse-col.jpg,Cute Cat Flower Greenhouse Coloring Page,Adorable printable coloring page: cute cat flower greenhouse. Relax and enjoy this cozy scene today.,https://tinyanimalworlds.com/coloring/cute-cat-flower-greenhouse-col,Garden Coloring Pages,Cute Cat Flower Greenhouse Col — free printable cozy coloring coloring page for kids and adults
public/pinterest/cute-hamster-sewing-cottage-co.jpg,Cute Hamster Sewing Cottage Coloring Page,Download this free coloring page of cute hamster sewing cottage. High-quality JPG for all ages.,https://tinyanimalworlds.com/coloring/cute-hamster-sewing-cottage-co,Cottagecore Coloring,Cute Hamster Sewing Cottage Co — free printable cozy coloring coloring page for kids and adults
public/pinterest/cute-rabbit-book-club.jpg,Cute Rabbit Book Club Coloring Page,cute rabbit book club — a free printable coloring page from Tiny Animal Worlds. Download now!,https://tinyanimalworlds.com/coloring/cute-rabbit-book-club,Bookstore Coloring Pages,Cute Rabbit Book Club — free printable cozy coloring coloring page for kids and adults
public/pinterest/cute-mouse-lantern-festival-co.jpg,Cute Mouse Lantern Festival Coloring Page,"Free download: cute mouse lantern festival coloring page. Cute, cozy, and ready to print.",https://tinyanimalworlds.com/coloring/cute-mouse-lantern-festival-co,Kawaii Coloring Pages,Cute Mouse Lantern Festival Co — free printable cozy coloring coloring page for kids and adults
public/pinterest/cute-duck-bakery-cottage-color.jpg,Cute Duck Bakery Cottage Coloring Page,Relaxing coloring page: cute duck bakery cottage. Download this free printable at Tiny Animal Worlds.,https://tinyanimalworlds.com/coloring/cute-duck-bakery-cottage-color,Bakery Coloring Pages,Cute Duck Bakery Cottage Color — free printable cozy coloring coloring page for kids and adults
public/pinterest/cute-duck-rainy-day-caf-color.jpg,Cute Duck Rainy Day Cafe Coloring Page,Cozy coloring page with cute duck rainy day cafe. Print at home and start coloring for free!,https://tinyanimalworlds.com/coloring/cute-duck-rainy-day-caf-color,Rainy Day Coloring Pages,Cute Duck Rainy Day Cafe Color — free printable cozy coloring coloring page for kids and adults
public/pinterest/cat-walking-through-cozy-villa.jpg,Cat Walking Through Cozy Villa Coloring Page,cat walking through cozy villa — a free printable coloring page from Tiny Animal Worlds. Download now!,https://tinyanimalworlds.com/coloring/cat-walking-through-cozy-villa,Cozy Coloring Pages,Cat Walking Through Cozy Villa — free printable cozy coloring coloring page for kids and adults
public/pinterest/cat-sewing-room.jpg,Cat Sewing Room Coloring Page,Free JPG coloring page: cat sewing room. Great for creative fun and relaxation.,https://tinyanimalworlds.com/coloring/cat-sewing-room,Cute Animal Coloring Pages,Cat Sewing Room — free printable cozy coloring coloring page for kids and adults
