Title,Media URL,Pinterest board,Description,Link
"Tiny Cat Driving a Bookmobile Coloring Page","https://tinyanimalworlds.com/pinterest/day15/tiny-cat-driving-a-bookmobile.jpg","Tiny Animal Worlds","Download this free printable tiny-cat-driving-a-bookmobile coloring page! Perfect for kids and adults who love cute, cozy coloring scenes. High-quality JPG download.","https://tinyanimalworlds.com/coloring/tiny-cat-driving-a-bookmobile"
"Cute Frog Playing Guitar At Wo Coloring Page","https://tinyanimalworlds.com/pinterest/day15/cute-frog-playing-guitar-at-wo.jpg","Cute Animal Coloring Pages","Download this free printable cute frog playing guitar at wo coloring page. Perfect for kids and adults who love cute, cozy animal scenes with adorable woodland vibes. High-quality JPG download ready to print.","https://tinyanimalworlds.com/coloring/cute-frog-playing-guitar-at-wo"
"Kawaii-sleepover Coloring Page","https://tinyanimalworlds.com/pinterest/day15/kawaii-sleepover.jpg","Kawaii Coloring Pages","Download this free printable kawaii-sleepover coloring page! Perfect for kids and adults who love cute, cozy coloring scenes. High-quality SVG download.","https://tinyanimalworlds.com/coloring/kawaii-sleepover"
"Cute Bunny Relaxing On Garden Coloring Page","https://tinyanimalworlds.com/pinterest/day15/cute-bunny-relaxing-on-garden.jpg","Cottagecore Coloring","Download this free printable cute bunny relaxing on garden coloring page. Perfect for kids and adults who love cute, cozy animal scenes with adorable woodland vibes. High-quality JPG download ready to print.","https://tinyanimalworlds.com/coloring/cute-bunny-relaxing-on-garden"
"bear baking with friends Coloring Page","https://tinyanimalworlds.com/pinterest/day15/bear-baking-with-friends.jpg","Bakery Coloring Pages","Download this free printable bear-baking-with-friends coloring page! Perfect for kids and adults who love cute, cozy coloring scenes. High-quality JPG download.","https://tinyanimalworlds.com/coloring/bear-baking-with-friends"
"Cute Deer Browsing Books In Wo Coloring Page","https://tinyanimalworlds.com/pinterest/day15/cute-deer-browsing-books-in-wo.jpg","Bookstore Coloring Pages","Download this free printable cute deer browsing books in wo coloring page. Perfect for kids and adults who love cute, cozy animal scenes with adorable woodland vibes. High-quality JPG download ready to print.","https://tinyanimalworlds.com/coloring/cute-deer-browsing-books-in-wo"
"Cute Hamster Arranging Flowers Coloring Page","https://tinyanimalworlds.com/pinterest/day15/cute-hamster-arranging-flowers.jpg","Garden Coloring Pages","Download this free printable cute hamster arranging flowers coloring page. Perfect for kids and adults who love cute, cozy animal scenes with adorable woodland vibes. High-quality JPG download ready to print.","https://tinyanimalworlds.com/coloring/cute-hamster-arranging-flowers"
"Cute Hamster Having Tea In Flo Coloring Page","https://tinyanimalworlds.com/pinterest/day15/cute-hamster-having-tea-in-flo.jpg","Tea Party Coloring Pages","Download this free printable cute hamster having tea in flo coloring page. Perfect for kids and adults who love cute, cozy animal scenes with adorable woodland vibes. High-quality JPG download ready to print.","https://tinyanimalworlds.com/coloring/cute-hamster-having-tea-in-flo"
"Cozy Summer Treehouse Hideout Coloring Page","https://tinyanimalworlds.com/pinterest/day15/cozy-summer-treehouse-hideout.jpg","Cozy Coloring Pages","Download this free printable cozy summer treehouse hideout coloring page. Perfect for kids and adults who love cozy, relaxing coloring scenes with cute, aesthetic summer vibes. High-quality JPG download ready to print.","https://tinyanimalworlds.com/coloring/cozy-summer-treehouse-hideout"
"Cozy Window Seat On Rainy Day Coloring Page","https://tinyanimalworlds.com/pinterest/day15/cozy-window-seat-on-rainy-day.jpg","Rainy Day Coloring Pages","Download this free printable cozy window seat on rainy day coloring page. Perfect for kids and adults who love cozy, relaxing coloring scenes with cute, aesthetic interiors. High-quality JPG download ready to print.","https://tinyanimalworlds.com/coloring/cozy-window-seat-on-rainy-day"