Title,Description,Link,Image URL,Board,Publish Date
Free Printable Summer Animal Word Search For Kids,Keep kids learning all summer with this free printable summer animal word search! Fun classroom and homeschool activity for ages 6-10. Download instantly!,https://tinyanimalworlds.com/word-search/fox-seasonal-fun-easy-word-search,https://tinyanimalworlds.com/pinterest/day10/day10-pin01.jpg,Animal Word Search,2026/6/10
Spring Forest Word Search Printable Activity,"Celebrate spring with this adorable forest animal word search! Free printable kids activity perfect for classrooms, homeschool, and rainy day fun.",https://tinyanimalworlds.com/word-search/fox-spring-animals-hard-word-search,https://tinyanimalworlds.com/pinterest/day10/day10-pin02.jpg,Animal Word Search,2026/6/10
Winter Wildlife Word Search Free Printable For Kids,Cozy up with this winter wildlife word search printable! Features arctic animals and winter themes. Free download for classroom and homeschool use.,https://tinyanimalworlds.com/word-search/fox-winter-animals-easy-word-search,https://tinyanimalworlds.com/pinterest/day10/day10-pin03.jpg,Animal Word Search,2026/6/10
Autumn Woodland Animal Word Search Activity,Fall into learning with this autumn woodland word search! Free printable kids activity featuring forest animals. Perfect for classroom vocabulary building.,https://tinyanimalworlds.com/word-search/fox-seasonal-fun-easy-word-search,https://tinyanimalworlds.com/pinterest/day10/day10-pin04.jpg,Animal Word Search,2026/6/10
Backyard Nature Word Search Free Printable Puzzle,Explore backyard nature with this free printable word search! Find garden animals and outdoor words. Great homeschool activity for young nature lovers.,https://tinyanimalworlds.com/word-search/fox-garden-friends-hard-word-search,https://tinyanimalworlds.com/pinterest/day10/day10-pin05.jpg,Animal Word Search,2026/6/10
Garden Animal Word Search For Kids Free Printable,"Discover garden friends in this free printable word search! Butterflies, bees, bunnies and more. Perfect classroom activity for spring science units.",https://tinyanimalworlds.com/word-search/fox-garden-friends-hard-word-search,https://tinyanimalworlds.com/pinterest/day10/day10-pin06.jpg,Animal Word Search,2026/6/10
Ocean Creatures Word Search Printable For Kids,"Dive into learning with this ocean creatures word search! Whales, dolphins, sharks and more. Free printable kids activity for classroom and homeschool.",https://tinyanimalworlds.com/word-search/fox-habitats-homes-hard-word-search,https://tinyanimalworlds.com/pinterest/day10/day10-pin07.jpg,Animal Word Search,2026/6/10
Farm Animal Word Search Free Printable Activity,"Old MacDonald had a word search! Free printable farm animal puzzle for kids. Perfect for preschool, kindergarten, and elementary classroom learning.",https://tinyanimalworlds.com/word-search/fox-friends-family-medium-word-search,https://tinyanimalworlds.com/pinterest/day10/day10-pin08.jpg,Animal Word Search,2026/6/10
Arctic Animal Word Search Printable For Kids,"Explore the frozen north with this arctic animal word search! Polar bears, penguins, seals and more. Free printable classroom and homeschool activity.",https://tinyanimalworlds.com/word-search/fox-winter-animals-easy-word-search,https://tinyanimalworlds.com/pinterest/day10/day10-pin09.jpg,Animal Word Search,2026/6/10
Jungle Explorer Animal Word Search Free Printable,"Go on a jungle expedition with this free printable word search! Tigers, monkeys, elephants and more. Exciting kids activity for animal lovers.",https://tinyanimalworlds.com/word-search/fox-adventure-quest-easy-word-search,https://tinyanimalworlds.com/pinterest/day10/day10-pin10.jpg,Animal Word Search,2026/6/10
Easy Classroom Word Search For Elementary Students,"Teacher-approved easy classroom word search! Free printable puzzle perfect for morning work, centers, and early finishers. Build vocabulary while having fun!",https://tinyanimalworlds.com/word-search/fox-forest-life-medium-word-search,https://tinyanimalworlds.com/pinterest/day10/day10-pin11.jpg,Animal Word Search,2026/6/10
Homeschool Animal Word Search Printable Puzzle,Make homeschool fun with this animal word search! Free printable educational activity that builds vocabulary and spelling skills. Perfect for daily learning.,https://tinyanimalworlds.com/word-search/fox-friends-family-medium-word-search,https://tinyanimalworlds.com/pinterest/day10/day10-pin12.jpg,Animal Word Search,2026/6/10
Printable Learning Activity Animal Word Search,Turn screen time into learning time! Free printable animal word search builds vocabulary and focus. Perfect for kids ages 5-12. Download now!,https://tinyanimalworlds.com/word-search/fox-nature-outdoors-easy-word-search,https://tinyanimalworlds.com/pinterest/day10/day10-pin13.jpg,Animal Word Search,2026/6/10
Vocabulary Builder Animal Word Search For Kids,Build vocabulary while having fun! Free printable animal word search featuring 12 nature words. Teacher-designed for classroom and homeschool use.,https://tinyanimalworlds.com/word-search/fox-nature-outdoors-easy-word-search,https://tinyanimalworlds.com/pinterest/day10/day10-pin14.jpg,Animal Word Search,2026/6/10
Kids Nature Challenge Word Search Free Printable,Take the nature challenge! Free printable word search featuring outdoor and animal vocabulary. Perfect rainy day activity for curious kids.,https://tinyanimalworlds.com/word-search/fox-nature-outdoors-easy-word-search,https://tinyanimalworlds.com/pinterest/day10/day10-pin15.jpg,Animal Word Search,2026/6/10
Forest Adventure Animal Word Search Printable,"Embark on a forest adventure with this free printable word search! Woodland creatures, forest vocabulary, and fun challenges for young explorers.",https://tinyanimalworlds.com/word-search/fox-forest-life-medium-word-search,https://tinyanimalworlds.com/pinterest/day10/day10-pin16.jpg,Animal Word Search,2026/6/10
Animal Habitats Word Search Educational Printable,"Learn about animal homes with this habitats word search! Forests, oceans, jungles and more. Free printable classroom science activity for elementary kids.",https://tinyanimalworlds.com/word-search/fox-habitats-homes-hard-word-search,https://tinyanimalworlds.com/pinterest/day10/day10-pin17.jpg,Animal Word Search,2026/6/10
Animal Families Word Search Free Printable For Kids,"Celebrate animal families with this heartwarming word search! Free printable kids activity featuring mama, papa, and baby animals. Perfect for family learning time.",https://tinyanimalworlds.com/word-search/fox-friends-family-medium-word-search,https://tinyanimalworlds.com/pinterest/day10/day10-pin18.jpg,Animal Word Search,2026/6/10
Woodland Friends Animal Word Search Puzzle,"Meet the woodland friends in this free printable word search! Foxes, deer, owls and squirrels. Charming kids activity for nature and animal lovers.",https://tinyanimalworlds.com/word-search/fox-forest-life-medium-word-search,https://tinyanimalworlds.com/pinterest/day10/day10-pin19.jpg,Animal Word Search,2026/6/10
Cute Critters Animal Word Search Free Printable,Adorable cute critters word search for kids! Free printable puzzle featuring the sweetest animals. Perfect classroom or homeschool vocabulary activity.,https://tinyanimalworlds.com/word-search/fox-garden-friends-hard-word-search,https://tinyanimalworlds.com/pinterest/day10/day10-pin20.jpg,Animal Word Search,2026/6/10
Rainy Day Animal Word Search Kids Activity Printable,Stuck inside on a rainy day? This free printable animal word search saves the day! Fun indoor activity that keeps kids learning and entertained.,https://tinyanimalworlds.com/word-search/fox-cozy-village-hard-word-search,https://tinyanimalworlds.com/pinterest/day10/day10-pin21.jpg,Animal Word Search,2026/6/10
Screen Free Kids Activity Animal Word Search,Unplug and play with this screen-free animal word search! Free printable puzzle that builds focus and vocabulary. No devices needed — just print and learn!,https://tinyanimalworlds.com/word-search/fox-adventure-quest-easy-word-search,https://tinyanimalworlds.com/pinterest/day10/day10-pin22.jpg,Animal Word Search,2026/6/10
Educational Printable Animal Puzzle For Kids,"Learning meets fun in this educational animal word search! Free printable activity designed by teachers. Builds vocabulary, spelling, and pattern recognition.",https://tinyanimalworlds.com/word-search/fox-habitats-homes-hard-word-search,https://tinyanimalworlds.com/pinterest/day10/day10-pin23.jpg,Animal Word Search,2026/6/10
Animal Discovery Word Search Free Printable Puzzle,Discover amazing animals with this free printable word search! 12 words to find across the animal kingdom. Perfect classroom discovery activity.,https://tinyanimalworlds.com/word-search/fox-adventure-quest-easy-word-search,https://tinyanimalworlds.com/pinterest/day10/day10-pin24.jpg,Animal Word Search,2026/6/10
Safari Animal Word Search Printable Kids Activity,"Go on safari from your classroom! Free printable safari animal word search featuring lions, elephants, giraffes and more. Wild learning fun!",https://tinyanimalworlds.com/word-search/fox-adventure-quest-easy-word-search,https://tinyanimalworlds.com/pinterest/day10/day10-pin25.jpg,Animal Word Search,2026/6/10
Preschool Animal Word Search Easy Printable Activity,"Tiny learners love this preschool animal word search! Big letters, simple words, and cute animals. Free printable designed for ages 3-5.",https://tinyanimalworlds.com/word-search/fox-friends-family-medium-word-search,https://tinyanimalworlds.com/pinterest/day10/day10-pin26.jpg,Animal Word Search,2026/6/10
Kindergarten Animal Word Search Puzzle Printable,Perfect for kindergarten classrooms! Free printable animal word search with easy words and adorable animals. Builds early reading confidence.,https://tinyanimalworlds.com/word-search/fox-garden-friends-hard-word-search,https://tinyanimalworlds.com/pinterest/day10/day10-pin27.jpg,Animal Word Search,2026/6/10
Elementary Learning Game Animal Word Search,"Make learning a game with this elementary animal word search! Free printable classroom activity for grades 1-5. Teacher tested, kid approved!",https://tinyanimalworlds.com/word-search/fox-forest-life-medium-word-search,https://tinyanimalworlds.com/pinterest/day10/day10-pin28.jpg,Animal Word Search,2026/6/10
Teacher Approved Animal Word Search For Classroom,"Teacher approved and classroom ready! Free printable animal word search designed for elementary learning. Perfect for centers, homework, and sub plans.",https://tinyanimalworlds.com/word-search/fox-cozy-village-hard-word-search,https://tinyanimalworlds.com/pinterest/day10/day10-pin29.jpg,Animal Word Search,2026/6/10
Free Printable Kids Animal Word Search Puzzle,"1000+ free printable word searches! This animal puzzle is perfect for kids ages 5-12. Download, print, and start searching today — no sign-up needed!",https://tinyanimalworlds.com/word-search/fox-spring-animals-hard-word-search,https://tinyanimalworlds.com/pinterest/day10/day10-pin30.jpg,Animal Word Search,2026/6/10
