Title,Description,Link,Board
"Umbrella Street Scene Coloring Page","Coloring page of umbrella street scene. Free printable JPG — perfect for kids, teens, and adults.","https://tinyanimalworlds.com/coloring/umbrella-street-scene","Cute Animal Coloring Pages"
"Cat Cafe Under Moonlig Coloring Page","Adorable printable coloring page: cat cafe under moonlig. Relax and enjoy this cozy scene today.","https://tinyanimalworlds.com/coloring/cat-cafe-under-moonlig","Coffee Shop Coloring Pages"
"Cute Fox Village Florist Coloring Page","Cozy coloring page with cute fox village florist. Print at home and start coloring for free!","https://tinyanimalworlds.com/coloring/cute-fox-village-florist-color","Tiny Animal Worlds"
"Hedgehog Tea House Villag Coloring Page","Relaxing coloring page: hedgehog tea house villag. Download this free printable at Tiny Animal Worlds.","https://tinyanimalworlds.com/coloring/hedgehog-tea-house-villag","Tea Party Coloring Pages"
"Sunflower Field Walk Coloring Page","Free download: sunflower field walk coloring page. Cute, cozy, and ready to print.","https://tinyanimalworlds.com/coloring/sunflower-field-walk","Garden Coloring Pages"
"Garden Reading Corner Fl Coloring Page","Free printable coloring page featuring garden reading corner fl. Download and print instantly at Tiny Animal Worlds.","https://tinyanimalworlds.com/coloring/garden-reading-corner-fl","Bookstore Coloring Pages"
"Cute Bunny Coloring Pages: Free Printable Rabbit and Bunny Scenes","Cute Bunny Coloring Pages: Free Printable Rabbit and Bunny Scenes — read our complete guide with tips, ideas, and free downloads!","https://tinyanimalworlds.com/blog/cute-bunny-coloring-pages","Kawaii Coloring Pages"
"Bear Star Bakery Coloring Page","Cute coloring page of bear star bakery. Perfect for kids and adults — free JPG download!","https://tinyanimalworlds.com/coloring/bear-star-bakery","Bakery Coloring Pages"
"Picnic With Woodla Coloring Page","Free JPG coloring page: picnic with woodla. Great for creative fun and relaxation.","https://tinyanimalworlds.com/coloring/picnic-with-woodla","Cute Animal Coloring Pages"
"Panoramic Cat Village Scene Coloring Page","Cute coloring page of panoramic cat village scene. Perfect for kids and adults — free JPG download!","https://tinyanimalworlds.com/coloring/panoramic-cat-village-scene","Tiny Animal Worlds"
