Title,Description,Link,Image URL,Pinterest board
Chipmunk Building a Forest Weather Station Coloring Page,"Download this free printable chipmunk building a forest weather station coloring page. Perfect for kids and adults who love cute, cozy coloring scenes. High-quality JPG download ready to print.",https://tinyanimalworlds.com/coloring/chipmunk-building-a-forest-wea,https://tinyanimalworlds.com/pinterest/day24/chipmunk-building-a-forest-wea.jpg?v=ec8ede48,Tiny Animal Worlds
Badger Repairing Antique Furniture Coloring Page,"Download this free printable badger repairing antique furniture coloring page. Perfect for kids and adults who love cute, cozy coloring scenes. High-quality JPG download ready to print.",https://tinyanimalworlds.com/coloring/badger-repairing-antique-furni,https://tinyanimalworlds.com/pinterest/day24/badger-repairing-antique-furni.jpg?v=ec8ede48,Cute Animal Coloring Pages
Hedgehog Inventor Testing a Windmill Coloring Page,"Download this free printable hedgehog inventor testing a windmill coloring page. Perfect for kids and adults who love cute, cozy coloring scenes. High-quality JPG download ready to print.",https://tinyanimalworlds.com/coloring/hedgehog-inventor-testing-a-wi,https://tinyanimalworlds.com/pinterest/day24/hedgehog-inventor-testing-a-wi.jpg?v=ec8ede48,Kawaii Coloring Pages
Badger Building Miniature Bird Houses Coloring Page,"Download this free printable badger building miniature bird houses coloring page. Perfect for kids and adults who love cute, cozy coloring scenes. High-quality JPG download ready to print.",https://tinyanimalworlds.com/coloring/badger-building-miniature-bird,https://tinyanimalworlds.com/pinterest/day24/badger-building-miniature-bird.jpg?v=ec8ede48,Cottagecore Coloring
Goose Baking Pretzels at a Village Bakery Coloring Page,"Download this free printable goose baking pretzels at a village bakery coloring page. Perfect for kids and adults who love cute, cozy coloring scenes. High-quality JPG download ready to print.",https://tinyanimalworlds.com/coloring/goose-baking-pretzels-at-a-vil,https://tinyanimalworlds.com/pinterest/day24/goose-baking-pretzels-at-a-vil.jpg?v=ec8ede48,Bakery Coloring Pages
Owl Cataloging Ancient Books in a Library Coloring Page,"Download this free printable owl cataloging ancient books in a library coloring page. Perfect for kids and adults who love cute, cozy coloring scenes. High-quality JPG download ready to print.",https://tinyanimalworlds.com/coloring/owl-cataloging-ancient-books-i,https://tinyanimalworlds.com/pinterest/day24/owl-cataloging-ancient-books-i.jpg?v=ec8ede48,Bookstore Coloring Pages
Frog Decorating a Rainwater Garden Coloring Page,"Download this free printable frog decorating a rainwater garden coloring page. Perfect for kids and adults who love cute, cozy coloring scenes. High-quality JPG download ready to print.",https://tinyanimalworlds.com/coloring/frog-decorating-a-rainwater-gr,https://tinyanimalworlds.com/pinterest/day24/frog-decorating-a-rainwater-gr.jpg?v=ec8ede48,Garden Coloring Pages
Chipmunk Packing a Picnic Basket Coloring Page,"Download this free printable chipmunk packing a picnic basket coloring page. Perfect for kids and adults who love cute, cozy coloring scenes. High-quality JPG download ready to print.",https://tinyanimalworlds.com/coloring/chipmunk-packing-picnic-basket,https://tinyanimalworlds.com/pinterest/day24/chipmunk-packing-picnic-basket.jpg?v=ec8ede48,Tea Party Coloring Pages
Badger Running a Cozy Lantern Shop Coloring Page,"Download this free printable badger running a cozy lantern shop coloring page. Perfect for kids and adults who love cute, cozy coloring scenes. High-quality JPG download ready to print.",https://tinyanimalworlds.com/coloring/badger-running-a-cozy-lantern-,https://tinyanimalworlds.com/pinterest/day24/badger-running-a-cozy-lantern-.jpg?v=ec8ede48,Cozy Coloring Pages
Duck Reading Newspapers at a Dock Coloring Page,"Download this free printable duck reading newspapers at a dock coloring page. Perfect for kids and adults who love cute, cozy coloring scenes. High-quality JPG download ready to print.",https://tinyanimalworlds.com/coloring/duck-reading-newspapers-at-a-d,https://tinyanimalworlds.com/pinterest/day24/duck-reading-newspapers-at-a-d.jpg?v=ec8ede48,Rainy Day Coloring Pages
